id_cliente,nombre,email,telefono,dni,fecha_nacimiento,saldo
1001,María López,ana8@dominio.com,+34 620526944,14315522O,1977-07-28,5385.31
1002,Laura Torres,maría20@outlook.com,+34 610417643,16899804I,1961-11-21,2678.78
1003,Pedro Sánchez,pedro79@dominio.com,+34 610897848,98233516E,1997-09-13,4842.24
1004,Luis Fernández,sergio48@empresa.org,+34 610626959,18282590K,1961-07-26,783.21
1005,María López,pedro87@yahoo.com,+34 630193110,94877483O,1980-02-24,6778.78
1006,Elena Ramírez,marta49@outlook.com,+34 600144425,65994640K,2002-09-19,516.32
1007,Ana Gómez,marta34@dominio.com,+34 640955695,62142091L,1989-10-14,3724.59
1008,Ana Gómez,clara41@outlook.com,+34 630332580,55383009W,2004-05-16,7989.58
1009,Sergio Vidal,laura22@gmail.com,+34 610711722,96689897M,1973-12-20,2216.29
1010,Luis Fernández,laura14@gmail.com,+34 610972033,80876935Q,1966-10-23,2810.57
1011,Pedro Sánchez,juan14@outlook.com,+34 610440961,51516389D,1994-06-28,2284.68
1012,Ana Gómez,maría86@yahoo.com,+34 630639362,40588490Q,2004-07-08,3907.36
1013,Luis Fernández,juan22@gmail.com,+34 600128140,87449516L,1986-09-22,5249.76
1014,Clara Núñez,maría94@yahoo.com,+34 610152819,69490304X,1986-06-11,1449.27
1015,Laura Torres,ana24@dominio.com,+34 610565529,67103973X,1994-08-26,9849.42
1016,Elena Ramírez,carlos12@yahoo.com,+34 630460730,31794806L,1996-02-23,1577.38
1017,Marta Ortega,laura28@outlook.com,+34 600728134,40674126L,1984-10-08,9230.0
1018,Luis Fernández,juan66@yahoo.com,+34 610852830,12370485E,1984-09-10,4131.76
1019,María López,luis51@yahoo.com,+34 620379545,79047440I,2005-11-24,6963.75
1020,Juan Pérez,maría85@outlook.com,+34 600776948,89292665L,1967-08-24,6881.8
1021,María López,carlos25@yahoo.com,+34 640258825,67294728E,1975-09-07,1749.22
1022,Ana Gómez,marta15@dominio.com,+34 610871899,87849358N,1988-01-08,4593.07
1023,Luis Fernández,josé13@yahoo.com,+34 630288071,41950110D,2002-11-01,3617.19
1024,María López,josé34@outlook.com,+34 640163283,29276507A,1979-02-21,1065.06
1025,Sergio Vidal,carlos11@yahoo.com,+34 610617063,83587571E,1991-07-01,6607.98
1026,Laura Torres,luis25@empresa.org,+34 600248743,54422772O,1990-06-13,1542.75
1027,Luis Fernández,clara3@empresa.org,+34 600568489,63207234S,1989-09-09,6041.84
1028,José Martín,juan96@dominio.com,+34 610959024,51313303U,1998-11-23,4717.3
1029,Pedro Sánchez,ana36@dominio.com,+34 620744949,58689737J,1977-08-09,7577.71
1030,Clara Núñez,juan73@gmail.com,+34 630826946,46083645N,1971-09-17,7342.25
1031,Luis Fernández,carlos38@dominio.com,+34 620887325,31168348U,1986-06-04,9656.07
1032,Juan Pérez,juan13@gmail.com,+34 630436980,35149910H,1976-08-20,2924.02
1033,Juan Pérez,laura12@outlook.com,+34 630741176,81933226G,1989-03-02,1199.76
1034,Juan Pérez,laura75@dominio.com,+34 620534989,17210746F,1995-09-02,7885.89
1035,Laura Torres,ana52@dominio.com,+34 630358785,68471556R,1987-01-25,6496.12
1036,Marta Ortega,maría91@yahoo.com,+34 600282210,88051046Q,1995-10-20,7082.07
1037,Juan Pérez,clara52@empresa.org,+34 610981882,29274024C,1963-02-10,6892.22
1038,José Martín,carlos45@yahoo.com,+34 610893255,40731300I,1984-02-06,9344.62
1039,María López,sergio17@empresa.org,+34 600256399,40889898X,1965-11-22,9939.32
1040,Pedro Sánchez,juan5@dominio.com,+34 620164901,86109769W,1976-06-24,1122.4
1041,Pedro Sánchez,laura94@dominio.com,+34 600283200,49078492A,1984-02-20,2073.12
1042,Ana Gómez,josé2@yahoo.com,+34 620181030,51711594B,1994-07-19,7388.64
1043,Elena Ramírez,clara40@gmail.com,+34 620668909,20940076Q,1981-07-12,6729.57
1044,Sergio Vidal,sergio41@yahoo.com,+34 640325093,52090345L,1963-08-27,1129.32
1045,Sergio Vidal,laura10@outlook.com,+34 630228478,99412621C,1989-01-12,4709.95
1046,Pedro Sánchez,maría64@dominio.com,+34 630838331,20433517R,1962-12-09,3148.75
1047,Pedro Sánchez,josé91@empresa.org,+34 640564809,56962724I,1982-05-11,4148.82
1048,Carlos Ruiz,elena33@dominio.com,+34 640846104,31212465V,1962-08-21,1469.78
1049,Elena Ramírez,josé57@outlook.com,+34 620155099,51731103D,1986-06-23,5136.57
1050,Pedro Sánchez,ana69@empresa.org,+34 640494849,65279970V,1977-07-03,6629.05
1051,Ana Gómez,josé26@outlook.com,+34 600178478,64652933O,2002-01-16,2714.59
1052,Elena Ramírez,sergio73@yahoo.com,+34 630354386,76648776S,1998-10-20,4508.7
1053,Luis Fernández,juan11@yahoo.com,+34 610149213,85740724W,1969-01-11,3986.9
1054,Laura Torres,maría83@yahoo.com,+34 620305967,80030045E,1979-05-15,1902.15
1055,Marta Ortega,laura39@yahoo.com,+34 610216700,45990125C,1994-10-26,5360.37
1056,Pedro Sánchez,ana60@yahoo.com,+34 640707858,85229580F,1963-09-20,9595.02
1057,Sergio Vidal,ana88@outlook.com,+34 610792230,28160654H,1985-08-25,2962.96
1058,Elena Ramírez,laura33@empresa.org,+34 620263822,86171356F,1984-02-20,9883.83
1059,Juan Pérez,josé19@gmail.com,+34 620679789,53823035K,2000-06-09,4229.0
1060,María López,carlos3@empresa.org,+34 600417388,78339143E,1973-12-13,3672.73
1061,María López,elena59@yahoo.com,+34 600661744,55876126W,1995-09-09,9044.51
1062,José Martín,carlos68@empresa.org,+34 600701948,29837352S,1980-03-22,4844.08
1063,Ana Gómez,laura60@outlook.com,+34 630789191,14231363W,1998-09-22,8941.93
1064,María López,juan36@outlook.com,+34 620872629,43598180I,1975-04-20,2059.48
1065,Elena Ramírez,juan94@dominio.com,+34 620520713,83551385E,1970-04-17,9888.55
1066,Clara Núñez,luis55@yahoo.com,+34 640726270,53908382O,1972-07-24,7691.37
1067,Clara Núñez,sergio69@yahoo.com,+34 600719566,30124771B,1987-09-19,8629.94
1068,Sergio Vidal,josé79@empresa.org,+34 620130214,39746029U,1963-01-14,6428.46
1069,Juan Pérez,marta79@gmail.com,+34 610336979,60992240X,1992-03-09,1772.53
1070,Marta Ortega,carlos86@empresa.org,+34 600628205,75419738M,1986-09-14,2045.99
1071,María López,josé25@empresa.org,+34 600688115,13099374L,1967-04-16,1717.88
1072,Juan Pérez,josé92@dominio.com,+34 610492915,42939752F,1976-03-28,9602.62
1073,Ana Gómez,sergio40@dominio.com,+34 620890672,74397954R,2001-12-20,2009.8
1074,María López,luis92@dominio.com,+34 610394439,40173057A,1981-11-14,782.78
1075,Juan Pérez,carlos96@empresa.org,+34 620190570,34394421F,2002-03-21,9730.93
1076,José Martín,josé25@empresa.org,+34 610632934,22806054L,1980-04-09,5651.37
1077,Marta Ortega,carlos17@dominio.com,+34 610855972,44270454I,1977-02-09,1395.89
1078,Luis Fernández,maría63@yahoo.com,+34 620465566,99698762M,1963-11-10,6321.04
1079,Laura Torres,ana50@empresa.org,+34 630291366,99083753H,1978-02-26,8370.05
1080,Ana Gómez,marta33@yahoo.com,+34 630591278,61487618J,2000-09-15,895.21
1081,Luis Fernández,maría54@yahoo.com,+34 640628737,45225892K,1987-06-03,6290.81
1082,Marta Ortega,elena5@empresa.org,+34 600460645,73541409I,1969-09-27,6543.09
1083,Pedro Sánchez,josé82@outlook.com,+34 620713289,35184515C,1967-09-21,9534.79
1084,José Martín,pedro13@gmail.com,+34 610985937,36104643U,1970-04-22,4292.39
1085,Marta Ortega,carlos86@dominio.com,+34 640689125,58766531A,1968-05-16,3456.16
1086,Laura Torres,clara74@yahoo.com,+34 630256277,99882493C,1998-03-12,6126.57
1087,Carlos Ruiz,clara39@outlook.com,+34 600375761,26253350F,1978-09-19,1072.51
1088,Elena Ramírez,maría76@yahoo.com,+34 610939380,91745991B,1988-12-06,3587.38
1089,Juan Pérez,juan74@outlook.com,+34 620336133,51138661E,2002-04-13,3350.42
1090,María López,ana71@gmail.com,+34 610254348,80249013E,1972-09-03,4038.37
1091,Marta Ortega,laura84@outlook.com,+34 630727545,49755415G,2001-08-15,4468.91
1092,Ana Gómez,ana84@outlook.com,+34 610708204,20075670V,1963-07-17,9897.52
1093,Sergio Vidal,elena63@dominio.com,+34 610948403,77743037H,2003-09-09,9917.28
1094,José Martín,josé14@yahoo.com,+34 620962949,52984719J,1960-07-17,9620.06
1095,José Martín,ana33@gmail.com,+34 600160837,43727371K,1971-08-28,5950.87
1096,Juan Pérez,carlos45@dominio.com,+34 640630688,92207440L,1986-09-07,2137.18
1097,Ana Gómez,laura82@dominio.com,+34 640968162,81928611Z,1980-10-06,6862.96
1098,Ana Gómez,pedro76@yahoo.com,+34 640323687,22947066Y,1961-01-28,542.46
1099,Elena Ramírez,pedro58@outlook.com,+34 630793675,59586085Z,1993-04-17,4349.17
1100,Pedro Sánchez,juan4@yahoo.com,+34 600421630,76092362K,1987-05-06,3352.36
1101,José Martín,sergio83@gmail.com,+34 630413887,10034361U,1980-02-28,1314.53
1102,José Martín,juan5@yahoo.com,+34 630464412,28070759W,1967-11-10,7072.27
1103,Laura Torres,laura98@outlook.com,+34 610497941,96959697Q,1982-03-21,7494.02
1104,Carlos Ruiz,clara14@empresa.org,+34 620575844,63573778J,1972-08-11,576.51
1105,Clara Núñez,laura7@dominio.com,+34 630216817,96412325Y,1962-08-05,706.28
1106,Sergio Vidal,clara65@dominio.com,+34 620506265,77960370Q,1996-10-18,8209.11
1107,José Martín,marta71@empresa.org,+34 610823242,32519122K,1991-03-24,4065.36
1108,Pedro Sánchez,pedro87@dominio.com,+34 630826621,31663841L,1986-01-09,5469.96
1109,Pedro Sánchez,luis65@outlook.com,+34 620936165,32142736F,1984-09-12,2588.04
1110,Marta Ortega,ana63@gmail.com,+34 630101755,19989201S,1980-04-14,8300.08
1111,Sergio Vidal,josé84@dominio.com,+34 620443206,27613561L,1989-04-07,8842.21
1112,Carlos Ruiz,josé56@yahoo.com,+34 610144952,86063399U,1989-04-03,4197.77
1113,Juan Pérez,ana13@gmail.com,+34 640977946,78427880Y,1976-04-09,5232.31
1114,Pedro Sánchez,maría48@dominio.com,+34 620971514,15006442Q,1995-01-19,1957.32
1115,Juan Pérez,elena14@gmail.com,+34 620674958,72928888F,1992-03-03,9004.55
1116,Juan Pérez,marta61@gmail.com,+34 640466573,46021222H,1964-02-05,7354.17
1117,Clara Núñez,juan91@yahoo.com,+34 620618252,20266355M,1971-03-19,5280.25
1118,Juan Pérez,maría70@outlook.com,+34 640810473,17748440O,1984-08-28,983.42
1119,Juan Pérez,clara13@empresa.org,+34 620473522,82448057Y,1981-04-20,7617.75
1120,Marta Ortega,ana12@outlook.com,+34 600375463,26510432A,1973-04-19,9903.94
1121,Juan Pérez,marta78@gmail.com,+34 630115532,83826320T,1993-05-10,704.25
1122,Sergio Vidal,maría1@gmail.com,+34 610819843,81191373C,2004-12-21,7032.48
1123,Clara Núñez,josé49@gmail.com,+34 620870948,53758752C,1981-09-23,7675.64
1124,Sergio Vidal,luis22@yahoo.com,+34 610396659,67793593V,1977-02-02,5401.85
1125,Pedro Sánchez,marta57@dominio.com,+34 600621589,82495112L,1995-08-17,6285.37
1126,Clara Núñez,pedro86@outlook.com,+34 620146573,73823212R,1974-06-13,1552.55
1127,María López,josé66@yahoo.com,+34 610569237,26523793C,2005-08-08,7616.22
1128,Elena Ramírez,maría45@dominio.com,+34 620802263,33911421Q,1962-08-09,9839.59
1129,María López,clara26@dominio.com,+34 630889064,23305586G,1984-12-26,6607.52
1130,Elena Ramírez,elena18@outlook.com,+34 610151133,29754776N,1974-01-17,7940.77
1131,José Martín,josé39@dominio.com,+34 610874332,80431702U,1968-06-24,1507.7
1132,Ana Gómez,luis98@dominio.com,+34 600496138,58145987M,1971-07-16,5723.29
1133,Sergio Vidal,juan89@outlook.com,+34 640642859,50241356N,1994-07-23,2893.13
1134,María López,pedro73@gmail.com,+34 600567207,82570941N,1999-02-23,6109.89
1135,Pedro Sánchez,clara31@dominio.com,+34 640344539,99129978B,1985-10-16,4538.33
1136,Sergio Vidal,marta55@dominio.com,+34 610655631,62605851X,1978-03-16,5427.04
1137,Elena Ramírez,laura22@dominio.com,+34 640655477,64048618M,1980-09-18,3846.2
1138,Clara Núñez,maría54@yahoo.com,+34 610717102,34107711M,1971-02-11,2293.79
1139,Clara Núñez,pedro28@gmail.com,+34 620703875,75295556K,1986-07-01,4453.38
1140,Laura Torres,luis47@dominio.com,+34 600450523,45748665J,1987-06-22,1999.33
1141,Carlos Ruiz,marta92@gmail.com,+34 640428923,27768519V,2003-02-18,6132.03
1142,Juan Pérez,sergio82@dominio.com,+34 640205302,28643070N,1992-08-16,5132.83
1143,María López,pedro11@outlook.com,+34 600260211,39950714L,1970-01-20,8839.8
1144,Laura Torres,juan52@yahoo.com,+34 600857588,57918113Y,1990-11-07,6436.11
1145,Carlos Ruiz,ana72@outlook.com,+34 640262835,16132025C,1997-03-11,556.34
1146,María López,juan38@gmail.com,+34 640765631,42115696L,1972-08-09,6081.63
1147,Carlos Ruiz,maría6@gmail.com,+34 630901188,26346703M,1988-10-04,721.63
1148,Pedro Sánchez,clara49@yahoo.com,+34 610417618,42504798J,1976-01-24,704.27
1149,Clara Núñez,juan1@empresa.org,+34 630337888,77309459R,2004-08-11,3542.9
1150,Ana Gómez,carlos6@yahoo.com,+34 610993186,35786961K,1987-10-28,3899.97
1151,Carlos Ruiz,juan58@dominio.com,+34 610113365,16112077A,1978-01-26,6510.2
1152,Marta Ortega,laura44@empresa.org,+34 620868225,12516808R,1988-02-01,7041.99
1153,Elena Ramírez,maría38@empresa.org,+34 620688661,43065916Q,1976-04-13,7812.2
1154,Sergio Vidal,ana49@gmail.com,+34 630901272,72695628P,1994-02-27,5974.88
1155,Elena Ramírez,carlos40@outlook.com,+34 620108233,12883552Q,1981-01-13,4477.89
1156,Ana Gómez,juan95@dominio.com,+34 610562801,35110147W,1984-09-28,1884.45
1157,María López,laura63@gmail.com,+34 600306856,72583301Q,1991-04-17,4724.65
1158,Sergio Vidal,clara3@outlook.com,+34 610339764,50925830D,1984-03-13,7721.15
1159,Marta Ortega,carlos88@dominio.com,+34 620794441,16384228S,1990-03-20,3992.12
1160,Pedro Sánchez,maría66@gmail.com,+34 640183570,29668863A,1994-03-18,8075.17
1161,Juan Pérez,pedro71@outlook.com,+34 640171837,19839765I,1964-06-24,1506.37
1162,Marta Ortega,marta96@dominio.com,+34 610649139,24717540I,1973-12-15,3304.07
1163,Sergio Vidal,luis41@empresa.org,+34 600715115,64171436Y,1973-03-09,7512.75
1164,Sergio Vidal,marta64@outlook.com,+34 610218150,25720721S,1962-11-14,871.06
1165,Juan Pérez,carlos53@outlook.com,+34 600514363,59228765N,1961-08-23,747.7
1166,Luis Fernández,josé7@gmail.com,+34 630592363,13696852U,1984-06-13,4970.78
1167,Pedro Sánchez,laura89@yahoo.com,+34 600480466,78750569I,1999-12-18,5561.06
1168,Marta Ortega,laura42@dominio.com,+34 640901640,38229428K,1968-08-17,5249.46
1169,Elena Ramírez,sergio19@empresa.org,+34 620130514,13490134I,1997-02-01,3923.59
1170,Elena Ramírez,elena12@outlook.com,+34 600897439,67891641K,1989-05-23,5302.69
1171,Carlos Ruiz,sergio95@gmail.com,+34 600423704,79396968W,2003-07-17,7119.97
1172,Laura Torres,josé85@gmail.com,+34 630508978,54742621M,1965-03-24,4364.44
1173,José Martín,ana70@gmail.com,+34 600439856,39943511D,1973-05-18,6892.48
1174,Ana Gómez,carlos94@empresa.org,+34 630929972,23795912L,1986-10-01,6324.46
1175,Elena Ramírez,elena73@gmail.com,+34 630894143,60580311H,1985-10-28,4465.82
1176,María López,marta59@gmail.com,+34 620392766,17470783Z,1974-05-24,5483.99
1177,Pedro Sánchez,clara2@outlook.com,+34 610839323,34989019N,2002-01-14,6502.42
1178,Clara Núñez,luis97@yahoo.com,+34 630376176,88326009T,1961-06-12,581.16
1179,Carlos Ruiz,elena81@outlook.com,+34 620998279,48725355G,2001-09-24,3752.25
1180,Luis Fernández,josé62@yahoo.com,+34 610978522,36653170E,2000-12-04,7011.83
1181,Clara Núñez,ana8@gmail.com,+34 600192759,28774299I,1987-11-17,659.8
1182,Ana Gómez,ana85@yahoo.com,+34 600124293,83738964F,1997-06-11,4458.68
1183,Pedro Sánchez,maría28@dominio.com,+34 600486808,17385448Y,1985-03-26,4353.12
1184,Luis Fernández,laura99@empresa.org,+34 640318508,54447350D,1985-11-18,1448.83
1185,María López,ana86@dominio.com,+34 630630944,54520580C,1996-09-05,5490.76
1186,José Martín,clara65@outlook.com,+34 620681712,31568831L,1962-08-04,2649.07
1187,Sergio Vidal,juan53@yahoo.com,+34 640868040,69750822N,1990-02-11,3541.66
1188,Pedro Sánchez,carlos69@yahoo.com,+34 630364880,25876707A,1969-06-12,4612.83
1189,Marta Ortega,maría72@yahoo.com,+34 640370526,73229685Q,1984-10-22,8776.72
1190,Luis Fernández,sergio58@empresa.org,+34 630674837,66794645T,2001-04-04,6420.08
1191,María López,ana56@yahoo.com,+34 640279487,55181238M,1970-02-27,9843.66
1192,Elena Ramírez,luis13@gmail.com,+34 610929371,21081217K,1971-02-25,6602.19
1193,Pedro Sánchez,carlos37@outlook.com,+34 620807802,37231493S,1965-09-15,6766.47
1194,Elena Ramírez,laura21@gmail.com,+34 630886102,36448185Z,1960-01-02,7571.24
1195,Ana Gómez,ana88@gmail.com,+34 640134584,29950289Y,1960-09-10,7013.38
1196,Marta Ortega,pedro51@dominio.com,+34 610421532,14828577T,1983-04-05,3653.19
1197,José Martín,josé55@outlook.com,+34 610830366,45864907D,1981-10-21,5044.0
1198,Laura Torres,laura93@yahoo.com,+34 620728178,90187671S,2002-04-19,1609.48
1199,Carlos Ruiz,laura48@gmail.com,+34 630962299,50851149L,1968-10-27,1186.51
1200,Juan Pérez,luis73@outlook.com,+34 600789790,56062890I,1984-06-10,3037.96
1201,Elena Ramírez,marta5@gmail.com,+34 630665590,85492592J,1982-02-22,6935.41
1202,Clara Núñez,juan63@dominio.com,+34 600676038,57033677V,2005-02-12,1818.31
1203,Juan Pérez,carlos75@yahoo.com,+34 630158018,19926322J,1997-05-06,7899.77
1204,Marta Ortega,clara95@dominio.com,+34 610761713,23258468O,2005-06-07,4777.46
1205,Sergio Vidal,marta78@gmail.com,+34 630501166,52618378D,1986-03-02,5446.3
1206,Elena Ramírez,marta37@empresa.org,+34 640965549,98141000F,1987-03-01,4767.89
1207,María López,maría10@outlook.com,+34 640148042,27020293Y,1987-12-11,6731.94
1208,Juan Pérez,pedro61@outlook.com,+34 620494559,30635990Z,1983-07-16,2115.14
1209,Juan Pérez,sergio99@outlook.com,+34 600880869,11206387H,1975-12-22,8318.87
1210,Pedro Sánchez,luis51@yahoo.com,+34 600728579,17925139D,1993-11-06,2520.5
1211,Clara Núñez,elena93@yahoo.com,+34 610594318,50284500O,1997-10-12,1996.64
1212,Elena Ramírez,josé1@dominio.com,+34 640602112,37773711X,1995-01-14,3568.21
1213,José Martín,luis10@gmail.com,+34 630460306,83571513D,1998-07-23,788.81
1214,Carlos Ruiz,sergio68@dominio.com,+34 610593578,35430579I,1981-09-01,4978.26
1215,Sergio Vidal,juan50@gmail.com,+34 640682771,77820028E,1984-06-03,7542.43
1216,Carlos Ruiz,juan44@empresa.org,+34 620385480,43291971J,1967-10-02,2811.87
1217,Juan Pérez,luis35@dominio.com,+34 620891429,90275118J,1996-07-11,4405.84
1218,Juan Pérez,sergio51@empresa.org,+34 640157132,66908065E,1989-08-10,6380.38
1219,José Martín,ana57@dominio.com,+34 610357575,37841619B,1989-11-20,3351.22
1220,Pedro Sánchez,laura72@yahoo.com,+34 600256685,80815900P,1973-05-25,3922.31
1221,Juan Pérez,marta45@yahoo.com,+34 610633036,96589039S,1991-08-05,8850.58
1222,Juan Pérez,elena63@empresa.org,+34 620466481,24570733Y,1992-06-02,5889.36
1223,Juan Pérez,laura8@empresa.org,+34 600702667,48316986P,2001-10-14,8056.79
1224,Carlos Ruiz,sergio77@outlook.com,+34 610576965,55320646X,1987-03-20,8837.33
1225,Clara Núñez,carlos71@gmail.com,+34 640630614,55731793D,1965-04-26,9989.44
1226,Ana Gómez,clara46@yahoo.com,+34 630785679,33122575H,2000-06-07,1815.32
1227,José Martín,sergio66@dominio.com,+34 610175850,40216478Q,1992-09-23,4313.13
1228,Juan Pérez,luis91@empresa.org,+34 640627264,27055325I,1995-07-16,9094.79
1229,Marta Ortega,marta41@yahoo.com,+34 600840060,14845880L,2005-08-04,6105.88
1230,Marta Ortega,clara67@gmail.com,+34 600417820,22509111R,1974-03-04,4314.8
1231,Sergio Vidal,clara90@yahoo.com,+34 630863989,74452927S,1970-06-10,2599.57
1232,María López,clara61@empresa.org,+34 640841721,29375072F,1960-10-02,591.25
1233,José Martín,luis19@yahoo.com,+34 630717984,73508849G,1980-12-19,5087.19
1234,Pedro Sánchez,maría93@dominio.com,+34 620222263,47906079O,1992-10-05,949.13
1235,Laura Torres,sergio49@empresa.org,+34 600671338,51471716D,1986-05-18,5275.83
1236,Marta Ortega,maría38@yahoo.com,+34 600254984,67035028S,1972-01-07,6027.38
1237,José Martín,elena42@outlook.com,+34 620677785,71013093Z,1963-09-19,2015.56
1238,Juan Pérez,clara98@empresa.org,+34 600519114,54728589K,1998-12-10,2881.56
1239,Ana Gómez,carlos79@empresa.org,+34 630578198,21231035Y,1987-05-11,964.4
1240,Clara Núñez,luis29@dominio.com,+34 600539451,78509431Y,1981-01-13,6827.88
1241,Juan Pérez,carlos69@outlook.com,+34 630878493,56868681Z,1981-09-10,8441.59
1242,Luis Fernández,marta69@dominio.com,+34 630427627,63764644B,1982-06-26,2655.86
1243,Marta Ortega,pedro29@empresa.org,+34 600324056,70055164K,1964-06-23,8550.66
1244,Clara Núñez,carlos34@outlook.com,+34 640783320,71008561X,1979-03-26,6740.1
1245,Elena Ramírez,josé21@dominio.com,+34 630124939,73857599O,1971-12-12,4342.36
1246,María López,luis52@gmail.com,+34 640944185,92387214D,1967-11-05,7913.65
1247,Clara Núñez,luis40@dominio.com,+34 600938832,35899897O,1996-07-07,3491.15
1248,Sergio Vidal,pedro96@outlook.com,+34 620120882,21571771E,1984-07-22,1428.35
1249,Pedro Sánchez,luis23@yahoo.com,+34 610187441,99640163I,1995-06-12,9500.22
1250,Luis Fernández,ana91@gmail.com,+34 630777894,21719025V,2001-11-27,3474.22
1251,Marta Ortega,josé42@outlook.com,+34 630673540,71335173B,1992-03-01,7328.83
1252,María López,elena92@gmail.com,+34 640803146,60246562E,1978-11-22,4018.84
1253,Marta Ortega,juan88@yahoo.com,+34 640494957,86095858C,2000-09-28,1201.83
1254,Juan Pérez,juan48@empresa.org,+34 630238715,25574633U,1993-03-22,2255.35
1255,Sergio Vidal,marta41@dominio.com,+34 610247353,18333355O,1969-06-25,2186.5
1256,Luis Fernández,juan2@empresa.org,+34 610380711,49083990T,1974-03-26,9972.21
1257,Elena Ramírez,pedro57@gmail.com,+34 630725719,65013163A,2002-11-01,2980.69
1258,Pedro Sánchez,elena15@outlook.com,+34 610199521,69062928A,1974-11-02,4862.68
1259,Carlos Ruiz,clara29@dominio.com,+34 630871946,86851437V,1995-03-21,4037.96
1260,Clara Núñez,maría29@gmail.com,+34 640877533,96968599O,1986-09-02,8077.49
1261,Elena Ramírez,elena74@empresa.org,+34 630597750,99012900S,2005-08-14,611.51
1262,Laura Torres,elena51@yahoo.com,+34 630352078,37343077Q,1972-04-27,4441.43
1263,Clara Núñez,juan93@gmail.com,+34 620422017,76143034Z,1973-04-02,641.98
1264,Clara Núñez,laura39@empresa.org,+34 630497682,55289494K,1961-04-17,6572.86
1265,Juan Pérez,maría59@outlook.com,+34 640382488,56287217Q,2000-06-21,4010.65
1266,Laura Torres,pedro25@dominio.com,+34 600526910,21377524J,1990-05-06,535.2
1267,Juan Pérez,elena35@outlook.com,+34 600405283,46393110S,1977-11-16,1321.93
1268,Carlos Ruiz,luis81@empresa.org,+34 600818359,57129136G,1981-04-17,4622.04
1269,Pedro Sánchez,pedro95@yahoo.com,+34 630971135,27217421Q,1965-05-11,1743.15
1270,Carlos Ruiz,juan70@empresa.org,+34 640996405,18760653B,1961-10-01,9423.18
1271,Sergio Vidal,pedro84@gmail.com,+34 630773165,46363409U,1962-09-21,8681.28
1272,Juan Pérez,pedro26@outlook.com,+34 620833482,47895976Q,1995-08-17,4783.53
1273,Pedro Sánchez,laura13@dominio.com,+34 620616014,95361373O,1991-12-16,2032.38
1274,Sergio Vidal,elena31@outlook.com,+34 640850507,73646134I,1967-11-25,2187.16
1275,Clara Núñez,clara75@outlook.com,+34 640670420,16124929D,1972-10-16,8148.74
1276,José Martín,elena47@outlook.com,+34 610714602,83868375J,1968-12-27,5971.58
1277,Juan Pérez,juan20@outlook.com,+34 630295137,24844424Q,2005-10-06,7958.06
1278,Carlos Ruiz,sergio49@dominio.com,+34 620545436,51417351Y,1992-03-10,5162.05
1279,Laura Torres,marta87@empresa.org,+34 630612354,91463092K,1977-08-25,9591.99
1280,Juan Pérez,maría90@gmail.com,+34 630672774,74719854Y,2004-05-13,6341.23
1281,Marta Ortega,sergio32@outlook.com,+34 630238459,11070843R,1964-12-27,1832.71
1282,María López,maría72@empresa.org,+34 630790408,60655602A,1990-04-04,7179.85
1283,Marta Ortega,laura30@dominio.com,+34 630854130,94792040A,1985-02-16,8405.7
1284,Luis Fernández,clara6@outlook.com,+34 600536766,41995535V,1978-12-08,1004.13
1285,Carlos Ruiz,ana48@dominio.com,+34 630528649,30085584K,2005-01-25,7268.64
1286,Pedro Sánchez,carlos71@dominio.com,+34 600756799,53152563Q,1982-04-23,8384.21
1287,Ana Gómez,clara47@gmail.com,+34 620353344,41880609A,1967-10-17,9761.41
1288,Marta Ortega,luis56@outlook.com,+34 640716475,30643281O,1980-05-18,8411.84
1289,Laura Torres,sergio70@gmail.com,+34 600114234,14274202M,1992-12-23,4702.3
1290,Sergio Vidal,juan10@outlook.com,+34 610563105,21213767U,1981-12-10,773.11
1291,María López,ana43@dominio.com,+34 610120985,54025635L,1983-05-22,4395.48
1292,Laura Torres,ana15@yahoo.com,+34 610499363,83406252V,1983-01-19,2088.45
1293,Luis Fernández,luis97@yahoo.com,+34 610934536,28579240I,1999-10-15,7860.71
1294,Ana Gómez,sergio45@gmail.com,+34 610550071,14915169F,1993-05-22,1531.97
1295,Ana Gómez,juan39@gmail.com,+34 630248462,52594470Z,1995-06-11,9358.57
1296,Carlos Ruiz,carlos52@empresa.org,+34 610769048,21785261F,1976-06-01,1348.01
1297,José Martín,laura19@empresa.org,+34 610647540,33986227X,1983-07-15,8381.19
1298,Elena Ramírez,juan84@empresa.org,+34 620425368,96315048H,1989-03-17,9537.86
1299,Juan Pérez,marta98@gmail.com,+34 600884099,47677170P,1983-06-02,1492.03
1300,Luis Fernández,pedro10@empresa.org,+34 640948878,23682772R,1989-12-25,2584.04
1301,Elena Ramírez,luis6@gmail.com,+34 610604068,75570204X,1974-12-11,6482.22
1302,Clara Núñez,carlos77@outlook.com,+34 600168894,50923666G,1962-09-28,3297.05
1303,María López,pedro52@dominio.com,+34 610942895,35665205D,1979-03-23,2166.61
1304,Juan Pérez,carlos50@gmail.com,+34 620287928,52519266M,2002-03-13,1605.06
1305,María López,marta69@empresa.org,+34 640379544,85361198J,1989-06-05,6649.4
1306,Ana Gómez,maría65@gmail.com,+34 600392932,64101685F,1993-12-16,8352.18
1307,Pedro Sánchez,josé52@dominio.com,+34 600607862,95278371H,2002-10-05,1472.9
1308,Laura Torres,carlos51@yahoo.com,+34 610502220,76803464D,1982-03-12,4241.34
1309,Sergio Vidal,elena54@empresa.org,+34 630459471,66429926Z,1993-07-05,2281.47
1310,Ana Gómez,marta8@gmail.com,+34 640135780,44076559L,2001-02-07,5969.07
1311,Ana Gómez,luis66@dominio.com,+34 640634405,90231242C,1976-08-18,5330.52
1312,Laura Torres,sergio72@outlook.com,+34 620674991,56487491W,2001-04-07,9511.8
1313,María López,marta67@empresa.org,+34 620561293,72336792C,2005-09-06,8292.81
1314,Clara Núñez,sergio16@empresa.org,+34 600863324,45195009F,1964-03-09,5216.63
1315,Ana Gómez,laura97@empresa.org,+34 640232929,14823622K,1999-12-02,8147.29
1316,Laura Torres,luis70@outlook.com,+34 630596351,31200762O,1994-04-18,2764.08
1317,Carlos Ruiz,carlos50@yahoo.com,+34 600823246,61175577Y,1969-02-03,5943.19
1318,Clara Núñez,clara90@empresa.org,+34 610185363,87425412R,1996-04-02,3588.24
1319,José Martín,marta65@empresa.org,+34 620443633,93984619O,1960-06-24,5621.73
1320,Ana Gómez,marta41@gmail.com,+34 600320042,18588039B,1963-03-10,7778.26
1321,Ana Gómez,maría36@empresa.org,+34 630250489,39760009S,1984-05-16,5067.56
1322,Clara Núñez,maría58@empresa.org,+34 600255904,28938562P,2000-06-05,8844.09
1323,Clara Núñez,sergio96@outlook.com,+34 630195312,52310466W,1969-08-22,8711.34
1324,Luis Fernández,elena89@outlook.com,+34 600168450,48294935M,2000-03-12,8017.3
1325,Juan Pérez,carlos62@empresa.org,+34 640790185,54774244K,1981-09-15,5799.9
1326,Marta Ortega,ana61@yahoo.com,+34 640111104,29642319W,1982-08-02,4060.03
1327,Pedro Sánchez,laura13@gmail.com,+34 630126295,94809993I,1968-11-28,4846.84
1328,María López,pedro69@yahoo.com,+34 640198181,54573971Q,1984-08-20,5597.07
1329,María López,josé47@gmail.com,+34 620173032,15392695H,1963-09-26,4931.16
1330,Carlos Ruiz,pedro12@gmail.com,+34 600569660,51813329B,1974-06-13,2256.55
1331,Juan Pérez,marta12@empresa.org,+34 600622728,69597352Q,1970-07-28,2643.14
1332,José Martín,juan60@gmail.com,+34 620367821,47193434P,1987-12-27,8943.73
1333,Clara Núñez,juan79@dominio.com,+34 640108469,74848401C,1996-12-28,3058.52
1334,Pedro Sánchez,maría55@empresa.org,+34 600377548,26635780D,1965-08-02,8906.7
1335,Pedro Sánchez,pedro66@outlook.com,+34 630685287,56744564T,1973-03-21,801.88
1336,Ana Gómez,marta68@empresa.org,+34 610527946,26547924I,2002-01-18,9188.94
1337,Laura Torres,pedro61@yahoo.com,+34 610561303,74831479K,1978-04-05,5098.26
1338,Ana Gómez,luis53@empresa.org,+34 600152081,36507134M,1962-12-01,2233.56
1339,Marta Ortega,pedro24@dominio.com,+34 630175566,45806733Q,1977-07-12,550.03
1340,Juan Pérez,clara77@outlook.com,+34 600936695,11088623S,1971-10-26,2553.55
1341,Clara Núñez,elena21@gmail.com,+34 600960338,87227244V,1994-01-10,5333.05
1342,Laura Torres,laura1@gmail.com,+34 610937457,71119874Q,1975-01-05,5845.95
1343,María López,elena22@dominio.com,+34 620258168,81799306G,1968-01-04,6178.29
1344,Elena Ramírez,marta46@gmail.com,+34 620660481,44956670C,1978-03-02,1456.41
1345,Marta Ortega,pedro86@empresa.org,+34 640737731,70461620S,1975-10-12,4411.6
1346,María López,juan73@outlook.com,+34 640446157,73428429M,1963-03-20,8253.44
1347,Ana Gómez,carlos66@yahoo.com,+34 610134523,61729340O,1961-10-25,3482.66
1348,Marta Ortega,marta96@outlook.com,+34 630486435,49766662P,1998-04-21,930.13
1349,Clara Núñez,elena80@dominio.com,+34 620433727,26907935U,1983-03-10,3548.59
1350,Sergio Vidal,maría12@outlook.com,+34 630922262,30728226H,1985-10-22,7336.46
1351,Juan Pérez,ana72@yahoo.com,+34 640574564,56198987K,1981-06-13,2232.97
1352,Juan Pérez,laura69@gmail.com,+34 640428642,61698433E,2005-10-26,1939.13
1353,Marta Ortega,marta19@gmail.com,+34 610648729,99357314N,1964-07-15,7156.54
1354,Laura Torres,carlos39@yahoo.com,+34 620653160,27058714L,1972-03-06,4005.61
1355,Pedro Sánchez,maría75@gmail.com,+34 600683671,26946434T,2000-10-24,3663.61
1356,Pedro Sánchez,sergio16@empresa.org,+34 610387182,16800546R,2003-07-04,3634.24
1357,Elena Ramírez,sergio30@yahoo.com,+34 600774839,25136928T,1996-04-19,614.59
1358,Carlos Ruiz,clara12@yahoo.com,+34 620895007,87443915K,1993-07-26,1910.24
1359,Clara Núñez,maría49@gmail.com,+34 610653248,16315113B,1964-09-03,8915.69
1360,Elena Ramírez,ana16@yahoo.com,+34 610503133,13916786M,1993-08-10,6674.38
1361,Marta Ortega,pedro95@dominio.com,+34 640320531,13095163G,1982-11-27,4342.9
1362,Carlos Ruiz,marta54@empresa.org,+34 600415338,28915431J,1979-03-21,5283.35
1363,Clara Núñez,carlos91@empresa.org,+34 630342081,79649788K,2004-02-21,2486.82
1364,Carlos Ruiz,josé66@yahoo.com,+34 620786398,22574844E,2002-04-28,9893.67
1365,Laura Torres,pedro54@yahoo.com,+34 640214960,44039620S,1995-07-24,3490.75
1366,Laura Torres,marta86@empresa.org,+34 610612129,49719623U,2005-06-17,3561.63
1367,José Martín,laura36@empresa.org,+34 630608558,60441140T,1976-09-27,6837.25
1368,Elena Ramírez,maría49@yahoo.com,+34 620577214,62379483L,1989-06-08,4397.12
1369,Luis Fernández,ana39@gmail.com,+34 610198635,92406212R,2003-08-19,5599.02
1370,Carlos Ruiz,ana90@dominio.com,+34 620135648,92627748B,1972-05-02,3932.57
1371,María López,laura32@empresa.org,+34 640894840,71917587G,1964-11-14,5384.0
1372,Elena Ramírez,carlos67@empresa.org,+34 600478171,66362878F,1963-06-09,8641.02
1373,Pedro Sánchez,marta96@gmail.com,+34 610592724,23422147O,1981-06-05,2065.05
1374,Luis Fernández,ana65@dominio.com,+34 620612800,88042092F,1971-12-26,4729.86
1375,María López,maría66@dominio.com,+34 610504421,31207773P,1996-04-19,6755.56
1376,Juan Pérez,sergio96@outlook.com,+34 610819139,55123561E,1994-06-19,1335.89
1377,Luis Fernández,marta52@gmail.com,+34 640528763,98308751P,1963-08-13,512.16
1378,José Martín,luis16@empresa.org,+34 610724205,98695007T,1991-02-01,762.14
1379,Luis Fernández,josé2@empresa.org,+34 600203510,59896729M,1977-09-21,1614.02
1380,Marta Ortega,laura67@gmail.com,+34 640352119,70080569T,1975-08-24,3364.7
1381,Carlos Ruiz,josé43@empresa.org,+34 620927868,91027738K,1989-08-12,4002.65
1382,José Martín,elena53@gmail.com,+34 610496986,53953744M,1969-02-01,5064.77
1383,Juan Pérez,luis53@yahoo.com,+34 640952771,38468117U,1961-02-27,8059.01
1384,María López,elena53@dominio.com,+34 640639381,41872471G,1967-06-14,8962.82
1385,Clara Núñez,laura57@outlook.com,+34 640449358,63105673Z,1964-06-15,8499.1
1386,Sergio Vidal,pedro53@yahoo.com,+34 600763322,66220782B,2003-05-27,9636.02
1387,Pedro Sánchez,josé42@dominio.com,+34 620184825,93130610V,1967-01-26,7222.33
1388,Carlos Ruiz,josé72@outlook.com,+34 610571931,39754911G,1983-09-10,6411.6
1389,Marta Ortega,pedro67@gmail.com,+34 640273609,18611899E,1965-04-28,3905.58
1390,Pedro Sánchez,maría13@yahoo.com,+34 620537850,79150465Q,1976-04-13,1729.34
1391,Luis Fernández,marta58@yahoo.com,+34 640584922,39764715D,2005-05-01,8099.9
1392,Carlos Ruiz,luis9@yahoo.com,+34 640230432,43152682V,1995-12-07,6235.69
1393,Laura Torres,maría29@empresa.org,+34 640659671,48954098K,1977-04-01,5706.87
1394,José Martín,luis36@outlook.com,+34 640427821,91272891W,1962-02-10,7524.29
1395,Clara Núñez,luis69@gmail.com,+34 620787545,98737825G,1970-07-09,2125.15
1396,Ana Gómez,clara33@outlook.com,+34 640983839,31954367K,1963-06-15,2938.27
1397,Carlos Ruiz,maría83@yahoo.com,+34 620731317,68008548D,1965-01-02,4159.6
1398,José Martín,marta38@empresa.org,+34 640644198,96609347G,1982-10-23,5515.46
1399,Pedro Sánchez,sergio28@yahoo.com,+34 610153792,58981291E,1969-02-08,4358.49
1400,Sergio Vidal,maría14@outlook.com,+34 610252419,15959610I,1987-09-21,8411.86
1401,Pedro Sánchez,maría21@outlook.com,+34 630410050,48403313F,1998-08-01,7284.59
1402,María López,pedro89@gmail.com,+34 630589987,23348787M,1979-06-19,1879.35
1403,María López,sergio41@empresa.org,+34 600862087,83398356M,1980-12-10,4287.73
1404,María López,carlos94@gmail.com,+34 620158183,30542052P,1998-06-21,5313.26
1405,Sergio Vidal,clara27@empresa.org,+34 610298201,81736416L,1977-07-07,7622.05
1406,Luis Fernández,sergio50@outlook.com,+34 620265244,52963612D,1970-09-03,779.29
1407,Elena Ramírez,luis41@outlook.com,+34 600154577,91337269P,1970-07-12,7249.01
1408,Carlos Ruiz,josé20@yahoo.com,+34 620860766,61766941E,1998-02-06,9353.35
1409,Ana Gómez,carlos47@dominio.com,+34 640488511,44543247W,1973-07-06,2972.82
1410,Clara Núñez,marta24@empresa.org,+34 630236655,72115292Z,1996-03-25,3881.43
1411,Laura Torres,laura12@yahoo.com,+34 630243369,91359889X,2004-08-08,2819.27
1412,Sergio Vidal,pedro99@yahoo.com,+34 620229634,99742282T,1988-08-06,2365.38
1413,María López,josé79@gmail.com,+34 620905100,11581090Z,1971-12-03,6360.17
1414,Ana Gómez,pedro90@yahoo.com,+34 640841562,60516462M,2001-07-22,9298.99
1415,Luis Fernández,juan30@yahoo.com,+34 600268028,52293544Y,1964-06-19,7547.31
1416,Elena Ramírez,elena23@yahoo.com,+34 610940335,68378672Q,2002-07-08,6003.08
1417,Sergio Vidal,elena29@yahoo.com,+34 610434068,47186712E,1963-08-22,7984.78
1418,Elena Ramírez,carlos48@dominio.com,+34 620926373,28467971R,1970-12-24,9347.72
1419,María López,clara27@dominio.com,+34 600404751,36628458Q,1967-11-12,6437.09
1420,Ana Gómez,juan73@empresa.org,+34 630501841,31760712U,2005-11-18,5175.85
1421,Laura Torres,josé46@dominio.com,+34 630419660,36291032X,1969-10-10,7892.78
1422,Ana Gómez,carlos90@dominio.com,+34 630430217,98437769W,1985-11-05,1921.28
1423,Clara Núñez,maría76@dominio.com,+34 630704898,32636315Q,2004-06-25,5862.4
1424,Luis Fernández,carlos6@empresa.org,+34 610425619,67761471N,2005-04-02,1427.5
1425,Luis Fernández,maría51@yahoo.com,+34 610403003,86129159N,1962-10-19,7566.52
1426,Juan Pérez,josé82@outlook.com,+34 640943475,35546565C,1973-03-03,5955.68
1427,Luis Fernández,laura1@outlook.com,+34 610404272,22072434X,1991-06-04,6791.66
1428,Ana Gómez,marta28@gmail.com,+34 600198760,50121567Q,1988-05-07,2236.03
1429,Juan Pérez,maría46@dominio.com,+34 640853204,10555221I,1981-05-06,3267.72
1430,Marta Ortega,carlos86@gmail.com,+34 630687517,66798910I,1993-05-24,6146.58
1431,Elena Ramírez,carlos48@dominio.com,+34 620231524,81549029H,1960-12-19,3912.86
1432,Ana Gómez,sergio65@outlook.com,+34 620659129,26369402W,1974-07-07,9099.48
1433,Clara Núñez,elena95@outlook.com,+34 640909428,37225488P,1999-04-01,1066.78
1434,Marta Ortega,carlos46@outlook.com,+34 640320950,24206838G,1997-10-12,5894.95
1435,Marta Ortega,carlos14@outlook.com,+34 620826679,16433735L,1971-09-19,5505.08
1436,Elena Ramírez,josé62@outlook.com,+34 600868311,20966998P,1973-07-07,1109.64
1437,Elena Ramírez,marta82@gmail.com,+34 610870159,53703761Z,1971-09-03,2386.48
1438,María López,maría22@gmail.com,+34 630942447,30281049I,1994-01-18,6460.74
1439,Marta Ortega,juan91@empresa.org,+34 600764370,59584485W,2002-05-19,596.98
1440,José Martín,marta64@empresa.org,+34 610444939,54445759X,1994-08-01,8337.29
1441,Luis Fernández,marta1@gmail.com,+34 640247688,38255884B,2005-09-08,3215.44
1442,Pedro Sánchez,elena98@outlook.com,+34 640385941,80482882R,1978-04-12,1706.26
1443,Juan Pérez,pedro93@empresa.org,+34 630981055,71464722D,1967-11-04,1184.31
1444,Marta Ortega,juan32@yahoo.com,+34 630925315,23277000D,1993-07-22,1638.81
1445,María López,pedro46@gmail.com,+34 630381736,91407825Z,1999-06-02,3754.7
1446,Clara Núñez,sergio29@yahoo.com,+34 640238936,60382057Z,1984-08-10,3761.68
1447,Laura Torres,clara96@gmail.com,+34 610892364,83269642D,1972-06-28,2051.88
1448,Laura Torres,josé35@empresa.org,+34 640567230,75353431Y,1977-12-19,5527.73
1449,Luis Fernández,laura99@outlook.com,+34 640445559,62480978X,1961-06-06,5280.71
1450,Pedro Sánchez,marta69@yahoo.com,+34 630574522,49260908N,1983-02-17,8611.86
1451,Pedro Sánchez,josé98@outlook.com,+34 620157825,30266940F,1968-07-02,6450.23
1452,Pedro Sánchez,juan98@yahoo.com,+34 630837614,20826381Z,1961-10-02,6998.4
1453,José Martín,juan34@dominio.com,+34 630715833,37445826F,1977-01-15,5961.0
1454,Carlos Ruiz,carlos47@outlook.com,+34 640491111,72026368K,1960-11-17,2648.32
1455,Sergio Vidal,juan49@dominio.com,+34 600709819,33908569F,1961-01-08,5273.2
1456,Luis Fernández,juan84@yahoo.com,+34 630750067,73335821U,1977-01-05,1266.73
1457,Marta Ortega,carlos48@empresa.org,+34 610418886,78424378D,1960-10-16,6032.2
1458,Clara Núñez,maría31@dominio.com,+34 600900969,93972875X,1965-02-05,8620.12
1459,Juan Pérez,pedro84@gmail.com,+34 620355892,41880275P,1986-12-27,8747.71
1460,José Martín,laura72@yahoo.com,+34 630496211,74183434W,1993-01-28,9128.68
1461,Laura Torres,carlos21@dominio.com,+34 630812440,52829143X,1983-08-27,5305.05
1462,Clara Núñez,sergio5@gmail.com,+34 640473280,57092153I,2003-03-04,9952.22
1463,Sergio Vidal,carlos58@empresa.org,+34 620926792,31572905C,2000-02-20,4276.0
1464,Marta Ortega,laura52@gmail.com,+34 640916739,32823087L,1967-01-22,8552.89
1465,Luis Fernández,luis70@dominio.com,+34 620587945,53884485R,1964-01-22,9824.76
1466,Juan Pérez,luis74@empresa.org,+34 620985449,25530703D,1995-10-25,7907.78
1467,Carlos Ruiz,luis44@outlook.com,+34 640376843,42903159K,1985-06-21,3996.81
1468,Ana Gómez,sergio89@empresa.org,+34 610660242,47615108D,1984-12-03,3235.11
1469,Marta Ortega,ana99@empresa.org,+34 630429714,68400969X,1964-05-25,2930.8
1470,Carlos Ruiz,ana21@yahoo.com,+34 610660608,17131188S,1981-02-09,8502.68
1471,Elena Ramírez,sergio50@gmail.com,+34 640446273,34176372Z,1974-09-09,3503.54
1472,Carlos Ruiz,sergio25@empresa.org,+34 600981844,64998341P,1965-11-14,2632.23
1473,Luis Fernández,juan51@dominio.com,+34 630801648,68176943X,1987-05-23,3297.4
1474,Juan Pérez,clara93@empresa.org,+34 600460199,28219315H,1965-08-05,4190.82
1475,Carlos Ruiz,marta54@gmail.com,+34 620211148,41208713L,1996-01-06,1801.41
1476,Juan Pérez,carlos11@empresa.org,+34 640371199,62225742E,1989-03-15,1833.78
1477,Marta Ortega,laura93@dominio.com,+34 620351412,54720978T,1980-12-24,7777.93
1478,Laura Torres,carlos98@empresa.org,+34 610918290,18652846E,1979-10-15,2957.17
1479,Clara Núñez,luis17@dominio.com,+34 610655102,39294983R,1988-01-18,5436.67
1480,Pedro Sánchez,josé57@empresa.org,+34 620457245,43843343X,1964-09-24,3849.05
1481,Clara Núñez,josé76@dominio.com,+34 600652168,71592521S,1988-12-16,5693.14
1482,Elena Ramírez,marta79@gmail.com,+34 600200744,27815355C,2004-11-12,7767.96
1483,Pedro Sánchez,ana7@gmail.com,+34 640755069,39228869S,1975-02-28,3431.53
1484,José Martín,laura81@empresa.org,+34 610922888,52664255G,1998-11-15,7856.5
1485,Pedro Sánchez,ana14@yahoo.com,+34 610465365,50294260P,1999-12-03,7022.57
1486,Juan Pérez,clara41@yahoo.com,+34 600544695,31835539J,1975-05-28,4977.68
1487,Elena Ramírez,laura69@gmail.com,+34 620421745,33805036L,1981-10-19,4269.59
1488,María López,marta28@dominio.com,+34 600425087,38103215P,1980-01-19,8443.32
1489,Ana Gómez,ana89@empresa.org,+34 630742003,37652073E,1996-11-04,5970.44
1490,Marta Ortega,ana30@outlook.com,+34 630516862,19635052Z,1996-12-15,6129.43
1491,Clara Núñez,marta47@yahoo.com,+34 640729620,70791666S,1975-07-12,4234.0
1492,María López,juan13@outlook.com,+34 610814466,66105532W,1960-09-06,8379.43
1493,Ana Gómez,pedro22@empresa.org,+34 640226896,35216463B,1978-07-07,1024.62
1494,Ana Gómez,elena50@empresa.org,+34 620541444,61976308Z,1989-06-27,4662.29
1495,Carlos Ruiz,josé37@gmail.com,+34 610249082,25219533S,1970-07-15,3203.2
1496,Sergio Vidal,laura8@yahoo.com,+34 610314202,75741670X,1979-09-12,5151.03
1497,José Martín,ana75@outlook.com,+34 610553725,26959971Q,1991-09-21,1475.19
1498,Sergio Vidal,luis13@outlook.com,+34 600344368,26116150F,1977-11-24,8679.52
1499,José Martín,sergio82@empresa.org,+34 610175515,94559387A,1979-01-07,7053.64
1500,Pedro Sánchez,juan4@gmail.com,+34 640904396,96368786Y,1960-02-27,8342.32
1501,Luis Fernández,elena58@empresa.org,+34 620118870,23780489J,1990-12-09,9350.69
1502,Carlos Ruiz,laura97@dominio.com,+34 630767694,79157790N,2001-02-21,7467.04
1503,Pedro Sánchez,juan18@yahoo.com,+34 620588408,24415356Y,1999-07-09,8423.62
1504,Juan Pérez,carlos78@dominio.com,+34 640287462,95052500Z,2000-04-28,4419.47
1505,José Martín,pedro54@dominio.com,+34 610781505,64219955R,1990-01-20,2666.0
1506,Elena Ramírez,maría75@empresa.org,+34 610370595,99763796L,1982-07-25,7733.22
1507,Clara Núñez,ana65@dominio.com,+34 640880010,72777134J,1994-12-12,6827.44
1508,Laura Torres,maría24@empresa.org,+34 610528060,37666934E,1993-09-05,6231.45
1509,Sergio Vidal,clara89@outlook.com,+34 610662628,67003327C,1963-11-24,5120.74
1510,María López,clara44@yahoo.com,+34 610665567,61401811P,1992-01-19,2324.29
1511,Carlos Ruiz,elena76@outlook.com,+34 610649431,64902033Y,1994-02-26,1824.41
1512,Laura Torres,clara48@gmail.com,+34 610945319,31822233J,1997-03-08,5842.96
1513,María López,clara60@yahoo.com,+34 610835472,14648588X,1966-06-15,8958.36
1514,Marta Ortega,pedro65@empresa.org,+34 600458046,64291758B,1980-07-06,800.84
1515,Elena Ramírez,josé88@dominio.com,+34 640614073,66917934E,1966-04-08,6947.79
1516,José Martín,josé70@gmail.com,+34 630385601,25741649O,1981-12-14,4167.55
1517,Elena Ramírez,luis46@gmail.com,+34 640431573,77824602F,1988-10-25,8911.34
1518,Ana Gómez,pedro14@dominio.com,+34 620285893,89597389E,1976-03-24,9252.1
1519,Laura Torres,pedro60@outlook.com,+34 630717032,29910771X,2001-06-10,8405.86
1520,Marta Ortega,elena4@dominio.com,+34 640657447,98816110M,1960-08-04,5632.04
1521,Pedro Sánchez,pedro45@gmail.com,+34 620826102,82466746F,1979-05-13,5759.5
1522,Laura Torres,maría5@outlook.com,+34 610712194,39509356V,1969-09-18,5741.39
1523,José Martín,clara33@outlook.com,+34 600192883,89031793P,2003-12-19,3799.89
1524,Carlos Ruiz,clara46@outlook.com,+34 620738216,58316581C,1993-12-09,3523.14
1525,Pedro Sánchez,carlos71@gmail.com,+34 620773582,23478463L,1992-08-11,1020.58
1526,Sergio Vidal,laura29@empresa.org,+34 610653930,65634250I,2000-08-12,8906.2
1527,María López,maría21@gmail.com,+34 630131096,63563032L,1968-05-03,5321.46
1528,Clara Núñez,elena44@yahoo.com,+34 600232914,91789581B,1970-11-15,4086.33
1529,Pedro Sánchez,elena86@yahoo.com,+34 620799733,36756394E,1962-12-12,8106.38
1530,María López,maría51@dominio.com,+34 630355320,17937700S,2001-07-04,9250.32
1531,Laura Torres,laura23@gmail.com,+34 640329378,59931022R,1978-05-20,7768.76
1532,Marta Ortega,pedro23@dominio.com,+34 620432721,99914096F,1962-07-04,2794.77
1533,Ana Gómez,maría7@gmail.com,+34 600730027,98296939S,2002-07-23,1583.66
1534,María López,pedro54@outlook.com,+34 610690953,76940682B,2001-05-28,7280.38
1535,Carlos Ruiz,ana75@gmail.com,+34 640357956,75611796E,1999-03-08,3522.66
1536,Luis Fernández,luis4@empresa.org,+34 610486399,69107128N,2003-08-02,6429.69
1537,José Martín,laura28@empresa.org,+34 640563781,47597612O,1980-12-25,2959.1
1538,María López,clara25@yahoo.com,+34 600151400,73206717X,1998-07-20,9865.04
1539,Juan Pérez,maría29@empresa.org,+34 620882456,61457441B,1982-09-17,7937.14
1540,Elena Ramírez,juan54@empresa.org,+34 600425751,56961310A,1973-03-28,875.04
1541,José Martín,laura80@empresa.org,+34 620969672,39007416A,2000-04-05,2403.09
1542,Sergio Vidal,josé36@outlook.com,+34 620635043,76581604U,1973-12-06,1707.34
1543,María López,luis45@gmail.com,+34 620388205,84746028B,1997-11-06,4130.93
1544,Juan Pérez,marta33@empresa.org,+34 640835830,23158903H,1976-08-21,2779.57
1545,Clara Núñez,luis31@gmail.com,+34 600145514,54802776H,1975-10-17,3867.27
1546,José Martín,laura16@outlook.com,+34 640454865,24261086T,1980-09-08,7271.82
1547,José Martín,pedro51@yahoo.com,+34 640193006,79029287V,1970-02-14,9116.37
1548,Luis Fernández,laura44@empresa.org,+34 630370097,26752093M,1998-06-13,5032.24
1549,Pedro Sánchez,sergio10@empresa.org,+34 620436983,90167897K,1982-11-12,1064.2
1550,Marta Ortega,luis90@empresa.org,+34 620863612,12874436S,1962-04-10,9196.97
1551,Ana Gómez,clara37@outlook.com,+34 600851501,38093353Y,1987-09-02,9899.69
1552,Elena Ramírez,marta8@gmail.com,+34 610129822,29250478C,1988-08-04,4312.05
1553,Pedro Sánchez,pedro2@yahoo.com,+34 620604437,52163883E,1978-07-21,6984.4
1554,Marta Ortega,sergio33@yahoo.com,+34 620173258,85320984Q,1984-10-07,3122.41
1555,Laura Torres,pedro57@yahoo.com,+34 630241386,15605942X,1995-06-04,5623.98
1556,María López,juan42@dominio.com,+34 640216857,57078816E,1982-08-28,544.01
1557,Luis Fernández,ana54@dominio.com,+34 600636493,70720254V,1973-07-01,3991.45
1558,Luis Fernández,carlos33@empresa.org,+34 630406043,37009249N,1998-10-21,2096.23
1559,Ana Gómez,ana65@outlook.com,+34 600355577,56986719M,1989-07-02,2820.17
1560,Clara Núñez,laura54@yahoo.com,+34 630725645,75772917A,1961-03-15,4377.42
1561,Elena Ramírez,juan89@dominio.com,+34 600938033,15580198C,1978-09-21,2909.25
1562,Sergio Vidal,josé83@outlook.com,+34 620632600,11152055S,1972-02-23,5680.11
1563,Sergio Vidal,maría82@gmail.com,+34 640465753,22674220X,2002-01-24,6025.4
1564,María López,carlos92@empresa.org,+34 630807219,33201571X,1999-11-02,4063.3
1565,Juan Pérez,josé43@gmail.com,+34 630739419,39425041H,1970-08-24,9617.13
1566,Sergio Vidal,clara52@dominio.com,+34 630363032,45055541R,1964-04-16,7221.45
1567,Elena Ramírez,luis81@dominio.com,+34 600578519,19943964O,2002-05-04,1471.09
1568,Luis Fernández,elena26@outlook.com,+34 630385923,62654015F,1985-08-01,6205.0
1569,José Martín,pedro36@yahoo.com,+34 600434648,11260374S,1998-11-12,7919.35
1570,Juan Pérez,laura80@dominio.com,+34 610489440,39263629Q,1972-07-25,2366.53
1571,Pedro Sánchez,luis74@gmail.com,+34 610809691,58109447I,1967-10-27,9942.26
1572,Laura Torres,josé54@gmail.com,+34 600614708,35394868Q,1971-10-19,8991.47
1573,Juan Pérez,pedro26@empresa.org,+34 620444683,29602638V,1979-01-17,7513.7
1574,Marta Ortega,ana42@yahoo.com,+34 600559031,84907007Q,1999-02-18,7177.28
1575,Ana Gómez,laura8@yahoo.com,+34 620744696,11541698V,1981-03-17,1479.66
1576,Pedro Sánchez,luis83@dominio.com,+34 610114941,34422082P,1991-07-21,1004.28
1577,Clara Núñez,maría8@empresa.org,+34 630294670,23491303L,1982-10-28,931.24
1578,José Martín,ana76@outlook.com,+34 610496097,65267297S,1997-06-02,1566.64
1579,Pedro Sánchez,marta37@outlook.com,+34 600678762,55536464N,1976-11-13,9203.83
1580,Carlos Ruiz,sergio42@gmail.com,+34 630880289,98361555A,1987-10-13,2303.0
1581,Carlos Ruiz,juan61@outlook.com,+34 630481051,11007227S,1993-10-12,4186.12
1582,Sergio Vidal,sergio89@yahoo.com,+34 640774092,79529339F,1993-12-05,1346.19
1583,José Martín,juan34@empresa.org,+34 610674309,49328923C,1967-02-03,3497.11
1584,Pedro Sánchez,sergio9@outlook.com,+34 640173618,59941114R,1960-09-03,6604.95
1585,Clara Núñez,laura89@outlook.com,+34 620873226,76645372X,1963-03-01,6277.49
1586,Pedro Sánchez,maría13@empresa.org,+34 620989185,39346087K,1966-07-01,6903.53
1587,Luis Fernández,juan60@yahoo.com,+34 630180390,95223606Y,1967-11-12,7937.2
1588,José Martín,luis70@empresa.org,+34 610287625,34712322P,1969-03-08,4264.06
1589,Luis Fernández,pedro35@outlook.com,+34 630863247,58794965C,1972-08-25,7541.71
1590,Carlos Ruiz,juan81@gmail.com,+34 620658924,56064377X,1977-04-26,5421.81
1591,Sergio Vidal,juan39@empresa.org,+34 610408584,90671775D,1972-03-18,5141.93
1592,Laura Torres,laura30@dominio.com,+34 640816987,34376331D,1996-01-09,4120.96
1593,José Martín,josé70@gmail.com,+34 640247176,22513470E,2005-07-25,3843.91
1594,José Martín,laura69@gmail.com,+34 610491647,42452494W,1999-12-01,7533.97
1595,Sergio Vidal,elena69@gmail.com,+34 640144827,31602167B,1998-07-02,2357.26
1596,Ana Gómez,maría28@gmail.com,+34 630285884,86633441Z,1975-09-08,4115.16
1597,Luis Fernández,carlos45@yahoo.com,+34 620783583,81098915W,1991-01-08,1649.4
1598,Sergio Vidal,ana66@outlook.com,+34 600706245,49910591H,1998-06-06,4533.19
1599,Laura Torres,juan90@dominio.com,+34 620413223,56342579Z,1969-02-16,8232.85
1600,Ana Gómez,luis81@gmail.com,+34 630107370,23538637U,1961-03-10,7834.39
1601,Sergio Vidal,clara6@dominio.com,+34 630237410,96127349R,1998-07-27,2481.9
1602,Laura Torres,juan65@empresa.org,+34 620433025,43612335U,1987-12-08,3376.98
1603,Luis Fernández,sergio35@yahoo.com,+34 620693882,45780099X,2000-01-07,2874.07
1604,Elena Ramírez,marta57@dominio.com,+34 610714753,20012813T,1972-01-03,7996.09
1605,Sergio Vidal,marta26@yahoo.com,+34 620257937,37512274I,2004-04-12,5451.43
1606,Elena Ramírez,elena54@outlook.com,+34 630397002,21793968V,1966-02-16,8846.7
1607,Carlos Ruiz,marta10@empresa.org,+34 640886079,24098804Q,1994-12-26,1264.28
1608,Pedro Sánchez,marta63@yahoo.com,+34 620626777,68932568K,1970-01-07,9955.01
1609,Pedro Sánchez,carlos54@gmail.com,+34 610758935,83857806V,1978-12-06,9152.45
1610,Ana Gómez,josé61@outlook.com,+34 620287368,66950667Q,1969-12-23,4161.74
1611,Ana Gómez,carlos22@empresa.org,+34 640507635,94047491P,1980-12-26,6311.45
1612,Juan Pérez,maría81@outlook.com,+34 620534424,82514723Y,1976-07-23,1635.49
1613,Clara Núñez,luis4@outlook.com,+34 630875440,65065700R,2004-09-04,719.7
1614,Elena Ramírez,laura30@dominio.com,+34 640780019,40271432K,1970-04-03,4203.0
1615,Juan Pérez,sergio43@outlook.com,+34 600983485,59231926O,2004-12-25,9760.52
1616,José Martín,ana84@empresa.org,+34 630456111,90181735Q,1971-04-03,6044.7
1617,Sergio Vidal,maría16@yahoo.com,+34 600174877,93827789M,1964-07-09,4625.18
1618,Marta Ortega,maría44@outlook.com,+34 640362365,22866566W,1975-08-26,5706.13
1619,Sergio Vidal,laura71@dominio.com,+34 640313674,29252180Q,1960-02-05,6080.01
1620,Elena Ramírez,marta50@outlook.com,+34 620855535,34232955W,2000-01-22,9126.88
1621,Sergio Vidal,sergio77@gmail.com,+34 620430911,75483032O,1963-12-13,7387.57
1622,Luis Fernández,clara84@gmail.com,+34 620765512,17652206H,1987-08-08,4377.55
1623,Laura Torres,josé83@empresa.org,+34 630105110,21310679G,1962-09-01,2990.11
1624,Clara Núñez,maría52@dominio.com,+34 610469923,29505214M,1968-02-18,1121.52
1625,Clara Núñez,maría17@empresa.org,+34 630642982,39655821N,2000-06-23,4668.01
1626,Clara Núñez,sergio44@gmail.com,+34 610600421,31456040B,1992-12-25,7962.2
1627,Pedro Sánchez,carlos30@yahoo.com,+34 620599177,31967144F,1976-01-23,8688.21
1628,Ana Gómez,luis34@outlook.com,+34 620861326,45964080F,1991-10-18,4689.72
1629,Clara Núñez,ana22@outlook.com,+34 620268143,81004817R,2005-06-11,1359.19
1630,José Martín,laura3@gmail.com,+34 610175474,29682872V,1979-02-12,8641.46
1631,Juan Pérez,laura37@outlook.com,+34 610490096,43634781T,1975-06-05,8183.59
1632,Marta Ortega,maría85@outlook.com,+34 600821315,56956543S,1990-07-25,7025.43
1633,Laura Torres,pedro93@empresa.org,+34 620776132,71035159X,1995-12-05,3160.57
1634,María López,sergio68@yahoo.com,+34 640874673,90609552F,1961-11-20,7442.3
1635,Laura Torres,luis80@gmail.com,+34 620106005,84557094Q,1967-02-05,687.33
1636,Clara Núñez,luis92@outlook.com,+34 610558344,43519677F,1996-05-04,5985.62
1637,Elena Ramírez,laura46@outlook.com,+34 610101538,47860552E,1993-09-12,6752.12
1638,Sergio Vidal,carlos97@yahoo.com,+34 600175481,35221752M,1973-12-10,6369.04
1639,Sergio Vidal,elena73@dominio.com,+34 600718856,99125984E,1981-12-14,2547.52
1640,Juan Pérez,sergio35@empresa.org,+34 620963757,23246700Z,1995-05-12,4484.1
1641,Ana Gómez,clara69@empresa.org,+34 600855126,87899851P,1993-01-22,2769.23
1642,Clara Núñez,luis71@dominio.com,+34 640622436,49504430Y,1992-05-19,2991.68
1643,Sergio Vidal,clara78@dominio.com,+34 620517758,21884330Z,1973-06-22,1504.25
1644,Laura Torres,carlos77@empresa.org,+34 610546522,30914263R,1970-02-20,2671.29
1645,Luis Fernández,juan84@outlook.com,+34 610811805,88452683Y,1977-12-11,2514.57
1646,Ana Gómez,elena92@outlook.com,+34 630882901,90802511P,1978-09-10,5278.51
1647,Elena Ramírez,elena47@yahoo.com,+34 640660332,32846427L,2004-11-27,6294.04
1648,Clara Núñez,juan3@outlook.com,+34 640122004,53230205Q,2005-02-05,6591.75
1649,Pedro Sánchez,juan35@gmail.com,+34 620332074,30389850I,1995-03-02,6848.66
1650,Ana Gómez,laura5@empresa.org,+34 610639299,33280310S,1974-05-17,602.29
1651,Sergio Vidal,ana23@gmail.com,+34 620457270,64810111H,2003-03-15,7717.64
1652,Juan Pérez,sergio42@empresa.org,+34 600213621,38990447V,1961-07-12,7443.69
1653,Carlos Ruiz,josé3@gmail.com,+34 640398680,20695839A,1961-12-11,7483.26
1654,Marta Ortega,ana76@yahoo.com,+34 630806079,37461720M,1965-02-04,4842.89
1655,Pedro Sánchez,maría93@yahoo.com,+34 610443842,82508354W,1974-07-08,8464.3
1656,Carlos Ruiz,pedro56@empresa.org,+34 640481830,89952249A,1981-11-02,1505.13
1657,Elena Ramírez,josé65@empresa.org,+34 630415018,40219075X,1999-02-17,596.55
1658,Ana Gómez,clara76@gmail.com,+34 620849711,67250955Z,1976-07-27,8188.49
1659,Juan Pérez,juan12@dominio.com,+34 640178761,56175479K,1980-08-13,1403.21
1660,Pedro Sánchez,juan93@outlook.com,+34 640505495,78090708L,1985-03-27,2674.2
1661,Pedro Sánchez,marta72@yahoo.com,+34 640361705,52569865H,1994-07-09,5566.67
1662,María López,luis21@empresa.org,+34 600568029,27934255X,1993-12-03,7135.46
1663,Ana Gómez,marta41@dominio.com,+34 600746236,18216984K,1976-09-26,3075.15
1664,Ana Gómez,luis27@yahoo.com,+34 610526242,83542833A,1982-03-02,4304.72
1665,Laura Torres,marta90@dominio.com,+34 600813053,31293223A,1988-12-14,8795.47
1666,José Martín,juan76@yahoo.com,+34 610782036,20559435M,2004-11-27,9984.68
1667,Clara Núñez,juan19@dominio.com,+34 620234398,42944504R,2001-05-27,5485.35
1668,José Martín,marta22@outlook.com,+34 630166748,96107710F,1999-03-19,8204.28
1669,María López,josé55@dominio.com,+34 640683906,20612733V,2000-09-01,7335.46
1670,Carlos Ruiz,laura59@outlook.com,+34 600667397,80533223M,1975-09-27,9279.57
1671,Clara Núñez,maría1@dominio.com,+34 640245349,21243529K,1961-05-22,1093.64
1672,Clara Núñez,juan18@gmail.com,+34 630892906,58902081C,1997-09-01,4755.96
1673,Luis Fernández,clara52@outlook.com,+34 600229870,61345753J,1995-03-08,8274.26
1674,Ana Gómez,laura18@empresa.org,+34 620880365,12142852D,1998-07-09,1413.88
1675,María López,clara61@dominio.com,+34 610452712,77436760U,1980-06-21,4225.7
1676,Elena Ramírez,laura51@dominio.com,+34 620730335,17987238Y,1998-01-14,4669.8
1677,Carlos Ruiz,pedro15@dominio.com,+34 640983969,27368197U,1989-07-01,9939.84
1678,Pedro Sánchez,pedro41@yahoo.com,+34 620698234,61267651E,1970-08-18,5314.77
1679,María López,juan9@dominio.com,+34 640822537,51534586Y,1976-10-18,6976.93
1680,Carlos Ruiz,laura52@yahoo.com,+34 630923989,48552731K,1965-02-07,2581.73
1681,Sergio Vidal,carlos63@yahoo.com,+34 610893109,24389096Q,1967-02-15,3586.35
1682,José Martín,ana24@empresa.org,+34 600646088,18344091M,1971-02-12,7777.92
1683,José Martín,luis4@outlook.com,+34 600385484,85802427S,1993-06-16,1744.22
1684,Clara Núñez,clara24@yahoo.com,+34 610512582,23445037M,1999-02-28,7130.07
1685,Marta Ortega,juan1@outlook.com,+34 620417324,11962456Y,1979-06-11,3569.34
1686,Elena Ramírez,pedro20@yahoo.com,+34 620995682,39480079O,1989-04-20,3212.47
1687,María López,marta73@gmail.com,+34 610637507,31294051I,1993-07-20,4945.09
1688,Elena Ramírez,ana21@empresa.org,+34 630424607,59973967W,1976-07-25,7125.15
1689,Juan Pérez,clara6@outlook.com,+34 620732547,40172349P,1977-01-21,9116.82
1690,Sergio Vidal,maría39@dominio.com,+34 610703469,57697943X,1968-02-21,8708.98
1691,Luis Fernández,clara94@yahoo.com,+34 630305402,83365368A,1975-03-23,5709.76
1692,Clara Núñez,ana93@outlook.com,+34 630843899,97826952V,2002-03-14,1767.02
1693,Juan Pérez,pedro33@outlook.com,+34 610574198,96595995P,1973-03-23,4356.82
1694,María López,elena66@yahoo.com,+34 610332858,53611444X,1970-11-05,7229.89
1695,Ana Gómez,juan65@yahoo.com,+34 600247727,85597858W,1981-04-23,3568.67
1696,Sergio Vidal,ana53@outlook.com,+34 630793418,89148166Y,1965-01-17,8867.81
1697,Carlos Ruiz,josé92@empresa.org,+34 630196351,70728128Q,2002-09-28,8489.84
1698,María López,josé48@dominio.com,+34 630251143,48396020S,1991-03-09,838.58
1699,Luis Fernández,carlos62@dominio.com,+34 640478827,32885979M,1991-02-14,1799.03
1700,José Martín,ana34@gmail.com,+34 610235722,92732258U,1979-11-06,3984.93
1701,María López,juan13@dominio.com,+34 610329270,20383242L,1991-01-14,3799.34
1702,María López,maría47@yahoo.com,+34 600745521,79159606J,1979-04-12,6579.36
1703,Pedro Sánchez,josé95@yahoo.com,+34 630731816,44909717G,2000-10-11,8249.08
1704,Marta Ortega,juan23@empresa.org,+34 600817346,13715814D,1971-05-09,5822.76
1705,José Martín,ana21@dominio.com,+34 640186049,98613764S,1993-12-11,7761.28
1706,Marta Ortega,clara92@outlook.com,+34 630143781,74802790T,1989-08-05,7721.61
1707,Laura Torres,pedro6@yahoo.com,+34 610707854,90544412R,2003-03-12,8599.82
1708,Laura Torres,marta8@dominio.com,+34 600970666,38757033I,1998-05-24,641.22
1709,Pedro Sánchez,sergio27@empresa.org,+34 620669952,38077563Y,1967-06-26,2386.35
1710,Pedro Sánchez,carlos44@dominio.com,+34 610691531,55501095C,1971-09-15,5965.81
1711,Sergio Vidal,josé84@empresa.org,+34 620116315,57678601K,1990-03-08,7642.24
1712,Elena Ramírez,luis14@empresa.org,+34 630779268,15496849R,2004-12-10,4320.77
1713,Marta Ortega,josé61@outlook.com,+34 640664086,97398287O,1992-03-19,8417.7
1714,Pedro Sánchez,elena67@gmail.com,+34 640872791,90402073F,2004-11-21,7976.12
1715,Ana Gómez,maría83@outlook.com,+34 600369330,77697002S,1987-12-03,6150.57
1716,Juan Pérez,elena21@dominio.com,+34 600244051,99822372B,1960-02-11,6231.03
1717,Juan Pérez,elena58@dominio.com,+34 620363661,89447160N,1989-10-15,2020.36
1718,Elena Ramírez,marta66@empresa.org,+34 600938236,62289838C,2004-11-23,8815.6
1719,Pedro Sánchez,elena79@empresa.org,+34 640660332,76947846L,2001-11-27,8924.29
1720,Ana Gómez,laura30@empresa.org,+34 620337824,84377043B,1962-04-11,3126.26
1721,Marta Ortega,luis70@outlook.com,+34 600104527,18579471R,1985-07-28,2668.63
1722,Pedro Sánchez,juan47@yahoo.com,+34 610291854,60967037X,1972-10-10,5308.07
1723,Pedro Sánchez,sergio88@gmail.com,+34 610701978,73134813T,1976-03-08,2075.93
1724,Juan Pérez,carlos65@empresa.org,+34 610346033,73801029K,1988-06-26,3531.87
1725,Luis Fernández,juan9@outlook.com,+34 640905923,41515022R,2003-05-18,1533.32
1726,Carlos Ruiz,sergio43@gmail.com,+34 610621048,44239756X,1998-02-10,9602.05
1727,Pedro Sánchez,carlos56@dominio.com,+34 640659204,25047323T,1985-11-01,2218.1
1728,María López,juan30@outlook.com,+34 600458421,14601595A,1969-10-28,6313.55
1729,Ana Gómez,clara15@dominio.com,+34 610242824,17734462T,1968-09-10,5321.54
1730,Marta Ortega,elena27@outlook.com,+34 630321991,87944978F,1999-05-23,3681.67
1731,Clara Núñez,josé32@outlook.com,+34 640575418,72455352J,1978-10-22,7733.32
1732,Clara Núñez,pedro88@gmail.com,+34 640630071,88160719K,1970-07-16,3786.49
1733,Sergio Vidal,luis65@gmail.com,+34 620644501,97800707I,1979-06-26,3103.41
1734,Laura Torres,sergio77@yahoo.com,+34 630409027,67945447Y,2005-08-15,6186.47
1735,Luis Fernández,maría57@gmail.com,+34 600851699,72712630Z,1960-05-06,8397.89
1736,Sergio Vidal,pedro83@empresa.org,+34 610260215,22776100O,1990-11-11,3688.79
1737,Laura Torres,laura34@empresa.org,+34 620398970,69475832V,1988-08-03,1634.12
1738,Marta Ortega,clara21@empresa.org,+34 620941506,89291340C,1993-03-18,3443.52
1739,Ana Gómez,marta8@empresa.org,+34 620937258,64784132V,1987-11-09,867.91
1740,Carlos Ruiz,clara72@empresa.org,+34 610401783,94617583Q,1985-09-28,1976.82
1741,Elena Ramírez,pedro38@yahoo.com,+34 610378889,45272000D,1974-08-14,3856.69
1742,Juan Pérez,maría83@dominio.com,+34 640541014,99472191E,1986-08-16,8574.76
1743,Sergio Vidal,clara14@empresa.org,+34 600316974,15161847Q,1970-08-09,7668.86
1744,Clara Núñez,carlos98@outlook.com,+34 640208857,86882723Z,1962-06-22,3668.98
1745,Sergio Vidal,luis61@gmail.com,+34 630892718,27589164N,1995-10-15,526.64
1746,Elena Ramírez,juan33@empresa.org,+34 640430866,16420567O,1992-11-06,6185.69
1747,María López,ana85@dominio.com,+34 600836278,44848899G,1988-11-07,4150.15
1748,José Martín,clara89@empresa.org,+34 640981764,37851383O,1982-06-06,3696.09
1749,Ana Gómez,josé57@gmail.com,+34 630361198,45752544F,1973-07-22,5642.12
1750,Carlos Ruiz,luis69@gmail.com,+34 600605216,48981567J,1996-08-18,5506.36
1751,Carlos Ruiz,clara82@yahoo.com,+34 620959210,10291125O,1986-03-06,7526.14
1752,Pedro Sánchez,josé58@gmail.com,+34 600139715,51765267C,1982-08-11,1060.94
1753,José Martín,ana92@dominio.com,+34 610379847,24870836T,1983-02-22,4777.32
1754,Pedro Sánchez,ana40@empresa.org,+34 640812343,65707803V,1989-05-28,1056.13
1755,Marta Ortega,luis78@yahoo.com,+34 620990876,12013240J,1977-12-16,3392.98
1756,Laura Torres,juan53@empresa.org,+34 630812912,54509808F,1986-12-16,4460.32
1757,Sergio Vidal,carlos67@yahoo.com,+34 630782328,68397667R,2000-09-02,2576.5
1758,Carlos Ruiz,juan25@empresa.org,+34 640564965,81763606Z,1963-11-18,8546.84
1759,María López,carlos37@empresa.org,+34 640320110,41817576L,1976-10-06,1753.11
1760,Clara Núñez,marta42@dominio.com,+34 600889352,96446079D,1987-07-15,7671.53
1761,Juan Pérez,ana64@outlook.com,+34 600221322,26631376E,1990-06-26,3430.71
1762,Sergio Vidal,pedro33@outlook.com,+34 630653276,70451948T,1990-03-09,789.15
1763,Ana Gómez,laura3@empresa.org,+34 600345431,96260907A,1961-04-06,5072.92
1764,Clara Núñez,marta19@yahoo.com,+34 620904352,15983672Z,1977-06-28,6044.68
1765,María López,elena44@dominio.com,+34 640448757,79266743D,1961-10-28,8209.67
1766,Marta Ortega,luis30@outlook.com,+34 610216018,52814022J,1997-02-10,4299.68
1767,Sergio Vidal,maría86@dominio.com,+34 610685345,27743000A,1967-07-01,7581.28
1768,Laura Torres,josé80@gmail.com,+34 610491040,66754862P,2001-03-18,8059.7
1769,Pedro Sánchez,luis19@gmail.com,+34 630379225,25836547M,1986-04-01,9644.85
1770,María López,juan1@empresa.org,+34 610836999,72607138W,1962-10-26,3916.37
1771,José Martín,carlos43@yahoo.com,+34 620510212,72756552A,1987-05-07,9338.7
1772,Sergio Vidal,carlos81@gmail.com,+34 610887034,28566773H,1973-07-28,943.98
1773,Sergio Vidal,sergio71@gmail.com,+34 620268246,81990608J,1983-09-06,6101.95
1774,Clara Núñez,laura44@outlook.com,+34 600288523,38180325Z,1974-11-19,2745.89
1775,Laura Torres,ana33@empresa.org,+34 600959156,64227255A,1993-12-21,7470.64
1776,Elena Ramírez,ana14@empresa.org,+34 630153709,23357530N,1989-04-25,7507.96
1777,José Martín,elena36@dominio.com,+34 600864453,37054352Q,2001-01-21,7966.37
1778,Luis Fernández,laura88@empresa.org,+34 620831578,68734377U,2004-09-23,9336.14
1779,Pedro Sánchez,elena44@empresa.org,+34 610641644,41254767T,1986-08-27,1608.56
1780,Juan Pérez,ana71@outlook.com,+34 610342093,30206315D,1988-01-19,3942.71
1781,Ana Gómez,pedro7@outlook.com,+34 640318917,60929772K,1960-05-09,6352.26
1782,José Martín,laura21@outlook.com,+34 640312131,95941160A,1974-11-07,5623.54
1783,José Martín,luis84@yahoo.com,+34 600788774,89711406M,1993-07-16,9592.74
1784,Clara Núñez,marta78@dominio.com,+34 630240043,61662396Q,1981-12-03,8518.18
1785,Carlos Ruiz,carlos70@gmail.com,+34 600832183,91423298M,1986-12-16,3261.05
1786,Ana Gómez,carlos74@outlook.com,+34 620452570,22476856I,1989-04-26,8751.06
1787,Pedro Sánchez,laura96@yahoo.com,+34 640449463,29836297Y,1989-02-14,2791.5
1788,Laura Torres,clara94@yahoo.com,+34 610107216,74988169I,1975-06-08,6518.0
1789,Luis Fernández,pedro16@outlook.com,+34 620665917,70729465C,1975-07-15,2764.39
1790,María López,maría94@outlook.com,+34 640195410,31983808L,2003-06-26,6171.31
1791,Sergio Vidal,elena13@dominio.com,+34 620171187,72505920K,1973-10-24,2976.1
1792,Elena Ramírez,luis77@outlook.com,+34 610567498,93331498W,1981-06-04,3753.54
1793,Luis Fernández,maría28@outlook.com,+34 610858554,67134281I,1967-05-14,5644.02
1794,Luis Fernández,juan75@gmail.com,+34 620313128,74044625O,1968-03-06,6969.93
1795,Luis Fernández,carlos69@yahoo.com,+34 640326081,13032577E,1966-02-01,3308.46
1796,Carlos Ruiz,laura59@outlook.com,+34 630514870,71231632X,1993-08-07,5793.88
1797,Carlos Ruiz,elena16@outlook.com,+34 630182751,56568507S,1997-11-12,874.95
1798,Juan Pérez,maría28@empresa.org,+34 620335590,50051432Q,1982-08-12,7482.89
1799,Sergio Vidal,pedro12@yahoo.com,+34 610952564,10803781B,1980-08-01,7086.76
1800,María López,carlos8@empresa.org,+34 640303578,42580220T,1974-03-08,9417.05
1801,Clara Núñez,marta65@yahoo.com,+34 640536368,73966161K,1993-03-01,6347.67
1802,Clara Núñez,laura96@dominio.com,+34 610867847,71796797R,1989-09-13,797.27
1803,José Martín,pedro53@outlook.com,+34 630637593,17890546X,1996-09-20,5406.33
1804,Marta Ortega,laura52@empresa.org,+34 630846654,15633845S,2004-03-26,3098.52
1805,Luis Fernández,laura41@yahoo.com,+34 600364382,38435673V,1993-07-20,1080.46
1806,Clara Núñez,josé16@empresa.org,+34 610193731,92133126Q,1967-03-28,4604.47
1807,Marta Ortega,juan85@outlook.com,+34 620798271,10506117H,1968-03-21,7638.05
1808,María López,laura11@dominio.com,+34 620383031,32458410L,1998-09-24,3661.31
1809,Clara Núñez,juan10@yahoo.com,+34 630758765,28196786U,1972-09-09,2607.94
1810,Laura Torres,carlos26@outlook.com,+34 640633231,97811800F,1964-06-26,6769.84
1811,Laura Torres,pedro98@yahoo.com,+34 600110245,29769676C,1981-05-01,3261.17
1812,Carlos Ruiz,juan65@gmail.com,+34 620142195,22161726Y,1964-07-26,1845.84
1813,Luis Fernández,pedro63@yahoo.com,+34 600162554,78745373N,1978-03-07,2005.21
1814,Pedro Sánchez,maría54@gmail.com,+34 640692566,77292380G,1996-07-08,5525.06
1815,José Martín,carlos87@gmail.com,+34 620655547,68342401X,1982-10-22,7043.65
1816,Carlos Ruiz,maría43@gmail.com,+34 630656023,44312380F,1986-09-03,3940.13
1817,Elena Ramírez,laura46@outlook.com,+34 620674429,35402076Q,1980-01-04,9595.25
1818,Pedro Sánchez,carlos86@yahoo.com,+34 620691548,42842100N,1998-11-22,6441.2
1819,Luis Fernández,pedro30@gmail.com,+34 640870018,58868443T,1965-08-13,7920.42
1820,Clara Núñez,pedro2@outlook.com,+34 630101351,55787587G,1992-02-12,2563.41
1821,Clara Núñez,josé85@dominio.com,+34 600660890,16704080O,1983-11-06,518.39
1822,Clara Núñez,josé43@empresa.org,+34 620811085,54007855G,1994-05-07,1453.9
1823,José Martín,sergio75@outlook.com,+34 600476015,59194065I,1968-04-08,2039.5
1824,María López,pedro15@outlook.com,+34 640954115,89658373Q,1999-03-15,2966.77
1825,Sergio Vidal,josé60@yahoo.com,+34 620798315,42350151D,1992-07-21,3594.07
1826,Marta Ortega,maría95@outlook.com,+34 640534648,92772965R,1968-04-01,2795.94
1827,Ana Gómez,ana74@outlook.com,+34 630734513,74120663O,2004-08-07,3166.74
1828,Elena Ramírez,ana94@dominio.com,+34 640325861,46605472O,1969-02-05,6522.61
1829,Luis Fernández,elena97@gmail.com,+34 600458440,56836252H,1988-10-13,4875.13
1830,Luis Fernández,clara79@outlook.com,+34 610353677,37753055V,1973-12-23,2972.25
1831,Sergio Vidal,pedro58@outlook.com,+34 630475586,75705624H,1982-01-21,8705.61
1832,Sergio Vidal,pedro30@yahoo.com,+34 630223546,25199230Y,1967-09-27,9136.14
1833,Marta Ortega,maría73@empresa.org,+34 640787414,24855273A,1965-12-26,2326.7
1834,Ana Gómez,ana4@empresa.org,+34 640351111,16233061H,1996-07-05,3605.53
1835,Marta Ortega,carlos11@outlook.com,+34 640270881,10543897E,1966-01-22,549.34
1836,Elena Ramírez,juan72@gmail.com,+34 620985124,49175190D,1971-09-25,9586.46
1837,Elena Ramírez,pedro25@yahoo.com,+34 640482724,86264694E,1987-02-05,8112.16
1838,Ana Gómez,carlos60@gmail.com,+34 620163924,48123968Y,1984-09-12,6202.83
1839,Juan Pérez,laura83@gmail.com,+34 610669999,89642089D,2003-09-19,5227.17
1840,Pedro Sánchez,juan29@dominio.com,+34 610286785,29441103J,1989-08-08,922.73
1841,Juan Pérez,elena21@yahoo.com,+34 630832578,69345737V,2004-02-15,5853.74
1842,Pedro Sánchez,laura47@yahoo.com,+34 600918895,33493259N,1974-07-22,1292.68
1843,Ana Gómez,josé78@empresa.org,+34 620344843,98373309K,1977-02-09,6356.52
1844,Pedro Sánchez,pedro28@dominio.com,+34 620180319,74669936W,2004-03-18,2932.96
1845,Ana Gómez,elena53@dominio.com,+34 640204217,46487407O,1998-03-02,7108.34
1846,Laura Torres,josé47@dominio.com,+34 640839640,21772045O,2000-01-12,4522.46
1847,Sergio Vidal,josé71@yahoo.com,+34 610703104,66095977V,1973-09-26,6369.6
1848,Carlos Ruiz,elena23@outlook.com,+34 640572173,51322548R,1983-03-11,3205.81
1849,Carlos Ruiz,marta10@outlook.com,+34 600228219,84655743R,1992-07-07,4126.95
1850,Clara Núñez,carlos7@gmail.com,+34 620458754,72507966E,1988-08-24,1864.85
1851,Laura Torres,luis81@outlook.com,+34 630949396,16717855Q,1992-04-09,4175.61
1852,Carlos Ruiz,luis12@yahoo.com,+34 630475367,12454762T,1963-05-24,7435.37
1853,Luis Fernández,clara90@empresa.org,+34 630121249,24230600P,1975-02-23,4247.6
1854,Elena Ramírez,pedro75@gmail.com,+34 610500353,59744046F,1982-01-11,5221.34
1855,Luis Fernández,pedro54@outlook.com,+34 630696492,92071396C,1986-04-21,1141.49
1856,Sergio Vidal,ana37@gmail.com,+34 640354029,56905851P,1976-11-01,5032.67
1857,Elena Ramírez,pedro60@yahoo.com,+34 600580804,95414955K,1963-09-08,2740.87
1858,Sergio Vidal,marta49@outlook.com,+34 610159067,21864745F,1969-01-13,9043.96
1859,Clara Núñez,elena58@outlook.com,+34 630572282,66870857Q,1964-04-21,2139.93
1860,Clara Núñez,josé82@outlook.com,+34 600582977,84833092D,1995-07-03,4847.68
1861,Sergio Vidal,carlos40@gmail.com,+34 640470616,10830726B,2003-09-03,2260.83
1862,Juan Pérez,laura94@yahoo.com,+34 640396729,78893864S,1999-11-14,4189.01
1863,José Martín,sergio95@empresa.org,+34 630855828,86873909N,2002-11-25,9509.2
1864,José Martín,josé90@empresa.org,+34 630777738,93720882K,1998-03-27,6153.42
1865,Elena Ramírez,pedro88@yahoo.com,+34 640850305,97001039A,1983-05-19,2734.69
1866,Clara Núñez,pedro72@outlook.com,+34 610718019,54534219Y,1994-03-11,1882.89
1867,Pedro Sánchez,clara42@outlook.com,+34 640869825,14988740C,1999-07-14,4035.91
1868,José Martín,ana5@dominio.com,+34 630483920,45890665J,1977-05-07,1809.66
1869,Elena Ramírez,ana57@yahoo.com,+34 620663329,61422553N,1985-02-21,8219.12
1870,Ana Gómez,ana44@gmail.com,+34 600943645,92175804T,1979-03-22,8591.19
1871,Elena Ramírez,ana68@gmail.com,+34 640419370,86813281D,1994-03-28,5687.5
1872,Luis Fernández,elena60@empresa.org,+34 640554335,43470672W,1965-01-07,541.0
1873,Luis Fernández,carlos98@empresa.org,+34 640418898,80079552L,2003-02-18,5666.41
1874,Ana Gómez,pedro64@dominio.com,+34 610364869,41612024U,2004-07-14,8977.06
1875,María López,josé70@empresa.org,+34 640960526,85822376B,1978-11-05,8480.11
1876,Carlos Ruiz,luis50@outlook.com,+34 600971945,21684471L,1972-11-17,3967.7
1877,Carlos Ruiz,pedro26@empresa.org,+34 620522375,99832701X,1972-03-25,6916.93
1878,Clara Núñez,clara53@outlook.com,+34 630440395,95425334W,1991-09-21,4009.65
1879,Juan Pérez,maría42@gmail.com,+34 600553977,65650570V,1969-01-17,8001.04
1880,Elena Ramírez,josé36@gmail.com,+34 620161003,49939617C,1985-12-07,2769.45
1881,Ana Gómez,ana18@gmail.com,+34 640141668,75185847X,1991-06-12,8449.84
1882,Clara Núñez,carlos22@outlook.com,+34 640632333,35161229I,1986-08-20,5242.56
1883,María López,ana66@yahoo.com,+34 600841276,87968272E,1988-04-20,5016.92
1884,Sergio Vidal,carlos53@gmail.com,+34 600822109,12811785K,1982-01-02,3278.57
1885,Clara Núñez,carlos43@outlook.com,+34 600576988,12311986I,1999-08-05,799.3
1886,Marta Ortega,maría60@yahoo.com,+34 630270164,96980150H,1998-07-13,1634.53
1887,Pedro Sánchez,josé54@empresa.org,+34 610502643,47557410T,1960-05-13,9823.81
1888,Elena Ramírez,marta70@outlook.com,+34 630822284,55964910B,1982-02-25,7877.93
1889,María López,pedro41@outlook.com,+34 600241360,30526021E,1975-07-02,3701.47
1890,Marta Ortega,sergio15@outlook.com,+34 610121105,81875852H,1960-08-13,8077.9
1891,María López,juan86@empresa.org,+34 600465957,45808738O,1977-10-16,5935.74
1892,José Martín,laura62@yahoo.com,+34 630911749,20788727L,1998-09-14,3001.88
1893,Luis Fernández,juan55@outlook.com,+34 610394357,55215501W,1986-12-01,3598.35
1894,Sergio Vidal,clara50@yahoo.com,+34 640440383,96298827E,1961-11-02,1889.77
1895,Ana Gómez,juan93@yahoo.com,+34 600780524,78397175P,1990-11-06,1097.24
1896,Pedro Sánchez,laura15@outlook.com,+34 600848419,46118585E,2004-06-10,1610.69
1897,José Martín,laura4@dominio.com,+34 620641744,92521357L,1975-04-15,927.67
1898,Sergio Vidal,ana49@dominio.com,+34 620121382,81231007W,1962-05-11,3447.93
1899,José Martín,ana93@empresa.org,+34 630597989,36961614D,1990-09-13,7532.16
1900,Ana Gómez,marta80@outlook.com,+34 610719048,39271614P,1993-09-23,1376.23
1901,Pedro Sánchez,juan49@gmail.com,+34 620798494,56694175S,1988-08-24,4391.07
1902,Pedro Sánchez,luis45@gmail.com,+34 610320367,70583725C,1961-04-11,1175.26
1903,María López,marta68@yahoo.com,+34 610782080,20107226Y,1966-02-12,1522.16
1904,María López,ana67@outlook.com,+34 610732445,90294649D,1997-12-23,2528.06
1905,Sergio Vidal,luis38@empresa.org,+34 640691856,87572475O,1997-03-07,4930.03
1906,Sergio Vidal,juan36@outlook.com,+34 620257004,50523550S,1970-08-28,8748.58
1907,José Martín,sergio31@yahoo.com,+34 630710814,10196475J,1993-02-15,4136.98
1908,Juan Pérez,carlos59@dominio.com,+34 640687153,87291095I,1994-11-28,3976.64
1909,José Martín,sergio40@outlook.com,+34 640938008,54176513O,1998-10-24,6883.74
1910,Laura Torres,juan60@outlook.com,+34 620799108,64721781S,1979-02-14,1955.28
1911,Luis Fernández,maría26@yahoo.com,+34 640493907,89220612Q,1987-07-13,3462.57
1912,Elena Ramírez,elena76@gmail.com,+34 610437720,38182639O,1982-03-19,9611.28
1913,Marta Ortega,juan2@empresa.org,+34 630835194,45579120O,1966-07-23,9720.33
1914,Sergio Vidal,sergio8@empresa.org,+34 620219688,56845173V,1972-02-12,8553.74
1915,Ana Gómez,elena72@gmail.com,+34 630569388,93200550N,1965-04-07,3465.53
1916,Sergio Vidal,marta74@dominio.com,+34 610718028,21382522T,1997-04-08,4464.99
1917,Pedro Sánchez,maría62@yahoo.com,+34 610270780,96405944B,2001-11-26,1766.42
1918,Luis Fernández,juan42@yahoo.com,+34 600744911,88328700N,1999-12-01,8280.71
1919,Carlos Ruiz,juan43@empresa.org,+34 600484387,29245492U,1968-06-03,5174.39
1920,Laura Torres,marta43@dominio.com,+34 610279785,55426831F,1997-05-27,7222.76
1921,Sergio Vidal,ana64@yahoo.com,+34 640380007,95796182G,2000-12-12,6255.28
1922,Carlos Ruiz,maría10@gmail.com,+34 600968528,44042074B,1994-06-01,1230.77
1923,Elena Ramírez,ana10@outlook.com,+34 610979982,31165498Z,1989-07-05,5895.67
1924,José Martín,laura67@gmail.com,+34 630673769,43070506P,1981-05-18,6442.03
1925,Elena Ramírez,luis46@yahoo.com,+34 600938710,26981549R,1971-06-22,3231.65
1926,Elena Ramírez,marta32@outlook.com,+34 610760831,86632823H,1981-03-01,3252.03
1927,Pedro Sánchez,elena5@yahoo.com,+34 640266599,76583534R,1966-01-18,4518.35
1928,Sergio Vidal,marta34@gmail.com,+34 630925583,58519002O,1972-04-08,5625.09
1929,Sergio Vidal,laura33@gmail.com,+34 610364752,29522805Y,1977-09-13,8379.41
1930,Juan Pérez,sergio87@outlook.com,+34 610419365,74774092N,1994-10-11,1741.19
1931,Clara Núñez,laura70@yahoo.com,+34 610396735,22983285L,2001-04-05,3897.86
1932,Sergio Vidal,clara59@gmail.com,+34 610951921,35614601R,1962-10-03,5485.67
1933,Clara Núñez,sergio55@outlook.com,+34 620538224,81019278N,1966-05-05,7366.73
1934,María López,juan61@gmail.com,+34 630651564,46110159V,1978-09-15,8637.48
1935,María López,juan98@outlook.com,+34 640235418,37375208S,1997-12-08,831.01
1936,Luis Fernández,clara55@dominio.com,+34 630493706,14652370J,1964-04-23,1306.57
1937,José Martín,clara98@empresa.org,+34 630572150,30802768F,1974-12-14,2245.75
1938,Ana Gómez,carlos89@empresa.org,+34 610200679,83701543T,1993-05-14,4158.54
1939,Ana Gómez,elena94@gmail.com,+34 630965840,79554168Q,1981-06-02,8769.12
1940,Sergio Vidal,juan52@dominio.com,+34 620807634,11263294D,1999-12-09,1057.84
1941,Sergio Vidal,ana88@dominio.com,+34 630379788,10988965Q,1979-03-06,9232.98
1942,Laura Torres,juan15@gmail.com,+34 630173228,26997729D,1961-06-25,1789.02
1943,Laura Torres,elena5@outlook.com,+34 610303904,25322416M,2005-10-18,7931.9
1944,María López,elena82@outlook.com,+34 600606563,92636679Y,1969-01-14,3970.6
1945,Sergio Vidal,maría22@gmail.com,+34 620304881,83930981K,1992-03-20,9569.54
1946,Carlos Ruiz,maría80@gmail.com,+34 640635157,65135118D,1983-08-13,3758.45
1947,Clara Núñez,sergio10@outlook.com,+34 610284635,19280817B,1979-03-08,4623.6
1948,Ana Gómez,sergio56@empresa.org,+34 630537112,75316646D,1999-01-20,3048.73
1949,Clara Núñez,ana60@yahoo.com,+34 640975658,98847957O,1968-12-02,7450.87
1950,Clara Núñez,clara61@outlook.com,+34 610636442,17123492T,1986-04-10,6787.25
1951,María López,juan49@outlook.com,+34 610936558,78359462L,1986-01-23,863.48
1952,Marta Ortega,sergio77@yahoo.com,+34 600527222,75895550W,1975-03-05,9875.41
1953,Pedro Sánchez,elena32@outlook.com,+34 640143461,44258082O,1995-04-24,4919.82
1954,Pedro Sánchez,elena11@outlook.com,+34 600470063,75761308M,1979-04-16,4396.32
1955,José Martín,ana70@yahoo.com,+34 610836730,24345126H,1971-10-11,2453.06
1956,María López,sergio32@yahoo.com,+34 620450448,62302788O,1998-01-09,5773.05
1957,Marta Ortega,ana41@outlook.com,+34 640304756,18301687K,1990-03-21,5615.49
1958,Juan Pérez,laura57@dominio.com,+34 600228317,58715553H,1965-09-17,8508.51
1959,Luis Fernández,luis49@outlook.com,+34 610416492,66484686H,1979-08-13,1658.91
1960,Laura Torres,pedro26@empresa.org,+34 600930762,63834207C,1985-07-19,6824.29
1961,Pedro Sánchez,clara78@outlook.com,+34 640157587,42266773T,1988-07-08,3123.41
1962,Ana Gómez,josé70@dominio.com,+34 620310791,91354856O,1968-10-03,776.17
1963,Pedro Sánchez,elena11@empresa.org,+34 600937367,17881596L,1996-08-08,8487.44
1964,Pedro Sánchez,laura70@gmail.com,+34 610491458,53153534R,1961-07-09,5286.6
1965,Sergio Vidal,clara83@gmail.com,+34 640861776,41745925L,1964-01-20,1569.42
1966,Elena Ramírez,josé92@empresa.org,+34 630325141,37259276P,2003-02-22,4219.88
1967,Sergio Vidal,laura27@dominio.com,+34 600741362,96493669X,1969-02-14,9685.94
1968,María López,clara72@empresa.org,+34 620830835,28626289M,1997-04-16,7923.91
1969,Marta Ortega,clara28@dominio.com,+34 620390484,33469215W,1964-07-08,6453.37
1970,Laura Torres,josé93@dominio.com,+34 640683214,69316698Z,2001-09-23,7395.48
1971,Sergio Vidal,carlos16@outlook.com,+34 620914281,20301994O,1988-11-20,6910.56
1972,Sergio Vidal,elena75@gmail.com,+34 610361420,31488651P,1972-04-13,5208.54
1973,Marta Ortega,maría23@outlook.com,+34 630935052,88761830D,1968-09-27,5024.2
1974,Ana Gómez,carlos93@outlook.com,+34 630618563,63516548H,1987-12-23,4838.79
1975,José Martín,laura36@dominio.com,+34 610735995,21608205W,1971-03-19,9355.41
1976,José Martín,sergio13@outlook.com,+34 620243664,42508445K,2003-06-16,3091.96
1977,Marta Ortega,ana31@outlook.com,+34 640965652,15842936U,1997-02-05,8419.3
1978,Clara Núñez,laura34@empresa.org,+34 620799528,83819108A,1971-01-25,8756.71
1979,Luis Fernández,pedro14@gmail.com,+34 630490028,24999359F,1991-03-11,6525.88
1980,Elena Ramírez,marta57@dominio.com,+34 630483938,60991642W,1973-01-06,5600.93
1981,Elena Ramírez,luis63@gmail.com,+34 610127535,14446813P,1974-12-18,4027.65
1982,Pedro Sánchez,ana86@dominio.com,+34 600949754,67303285A,1993-03-06,4991.92
1983,Elena Ramírez,maría65@empresa.org,+34 600575856,88331157N,1965-11-24,7997.15
1984,Luis Fernández,josé75@outlook.com,+34 640800330,23519081N,1983-02-14,991.3
1985,José Martín,maría94@gmail.com,+34 630760287,31357066Y,1977-02-22,5496.19
1986,Sergio Vidal,elena8@dominio.com,+34 620797920,42877992U,1999-05-03,6428.46
1987,Luis Fernández,pedro45@outlook.com,+34 640530847,16519550Q,1992-04-06,7298.78
1988,Luis Fernández,ana37@yahoo.com,+34 600221467,17967403U,2003-03-20,9956.37
1989,Laura Torres,sergio88@empresa.org,+34 630437446,93679118R,2004-08-11,6062.55
1990,Clara Núñez,carlos58@outlook.com,+34 600863842,23359951L,1991-02-02,1339.13
1991,Laura Torres,sergio7@yahoo.com,+34 630583206,45284057D,1990-11-07,8884.6
1992,Laura Torres,maría5@yahoo.com,+34 620566653,17580177L,1975-05-19,7215.73
1993,Clara Núñez,luis16@yahoo.com,+34 620362041,60011850X,1987-09-28,653.7
1994,Juan Pérez,luis29@empresa.org,+34 600640285,46569848V,1965-06-20,1790.64
1995,Laura Torres,ana44@gmail.com,+34 610537762,89690098Z,1992-12-06,9877.96
1996,Juan Pérez,sergio10@gmail.com,+34 600482058,45197545P,1995-01-04,2213.51
1997,Ana Gómez,maría50@gmail.com,+34 600710943,65825372Q,2002-11-24,7582.67
1998,Marta Ortega,marta70@outlook.com,+34 610280993,58614066N,1962-09-09,9500.91
1999,Luis Fernández,carlos55@yahoo.com,+34 620594434,99350539J,1997-12-28,1046.25
2000,Sergio Vidal,juan30@outlook.com,+34 600413470,79297260Y,1991-02-25,7813.67
